Dataset,Code,Project,sha,CWE,Severity,Year,owner,project,Date,Message,sha-p
VULAS-M,AMQ-5751,https://github.com/apache/activemq,886e2d4d97555e2f10276616389a5d1f915bad18,,,,apache,activemq,5/1/15 19:02,"Adding a configuration option to PolicyEntry to enable setting the maximum number of created destinations by policy on the broker.

This resolves https://issues.apache.org/jira/browse/AMQ-5751",eaf5c12151552e01c7de31bdcc8b96d8cbd3a1c6
VULAS-M,AMQP-590,https://github.com/spring-projects/spring-amqp,462dcb6f1f93d54923daffb9729c1c8519576c08,,,,spring-projects,spring-amqp,3/15/16 15:50,"AMQP-590: Java Deserialization White List

JIRA: https://jira.spring.io/browse/AMQP-590

Polishing - PR Comments

Verify Mock",6d9afdfa0b15ca3ed68c26476143030be0123d25
VULAS-M,COLLECTIONS-580,https://github.com/apache/commons-collections,3eee44cf63b1ebb0da6925e98b3dcc6ef1e4d610,,,,apache,commons-collections,11/14/15 20:24,"[COLLECTIONS-580] Add validation to MultiValueMap#ReflectionFactory: only Collection classes are support.

git-svn-id: https://svn.apache.org/repos/asf/commons/proper/collections/trunk@1714360 13f79535-47bb-0310-9956-ffa450edef68",be67139289c7167ed393537543b29041f88ca086
VULAS-M,CVE-2008-5518,https://github.com/apache/geronimo,67dda0760bb0925ead201ddd5d809ff53686d63f,,,,apache,geronimo,3/25/09 15:11,"GERONIMO-4597 Validate Web Admin Console input - fixes for CVE-2008-5518, CVE-2009-0038, and CVE-2009-0039

git-svn-id: https://svn.apache.org/repos/asf/geronimo/server/trunk@758297 13f79535-47bb-0310-9956-ffa450edef68",f1bcbf2bd88a88b4bca589cde452ed7b9732377d
VULAS-M,CVE-2009-0038,https://github.com/apache/geronimo,67dda0760bb0925ead201ddd5d809ff53686d63f,,,,apache,geronimo,3/25/09 15:11,"GERONIMO-4597 Validate Web Admin Console input - fixes for CVE-2008-5518, CVE-2009-0038, and CVE-2009-0039

git-svn-id: https://svn.apache.org/repos/asf/geronimo/server/trunk@758297 13f79535-47bb-0310-9956-ffa450edef68",f1bcbf2bd88a88b4bca589cde452ed7b9732377d
VULAS-M,CVE-2009-0039,https://github.com/apache/geronimo,67dda0760bb0925ead201ddd5d809ff53686d63f,,,,apache,geronimo,3/25/09 15:11,"GERONIMO-4597 Validate Web Admin Console input - fixes for CVE-2008-5518, CVE-2009-0038, and CVE-2009-0039

git-svn-id: https://svn.apache.org/repos/asf/geronimo/server/trunk@758297 13f79535-47bb-0310-9956-ffa450edef68",f1bcbf2bd88a88b4bca589cde452ed7b9732377d
VULAS-M,CVE-2009-2693,https://github.com/apache/tomcat,3e1010b1a2f648581fac3d68afbf18f2979f6bf6,,,,apache,tomcat,12/21/09 12:25,"Various related (un)deploy improvements including:
 - better handling of failed (un)deployment
 - adding checking for valid zip file entries that don't make sense in a WAR file
 - improved validation of WAR file names
 - make sure error messages match the action
 - the return from File.getCanonicalPath() may or may not return a final separator for directories

This fixes CVE-2009-2693, CVE-2009-2901 & CVE-2009-2902

git-svn-id: https://svn.apache.org/repos/asf/tomcat/trunk@892795 13f79535-47bb-0310-9956-ffa450edef68",bb09002e33c817791185285d492a092a3c568117
VULAS-M,CVE-2009-2901,https://github.com/apache/tomcat,3e1010b1a2f648581fac3d68afbf18f2979f6bf6,,,,apache,tomcat,12/21/09 12:25,"Various related (un)deploy improvements including:
 - better handling of failed (un)deployment
 - adding checking for valid zip file entries that don't make sense in a WAR file
 - improved validation of WAR file names
 - make sure error messages match the action
 - the return from File.getCanonicalPath() may or may not return a final separator for directories

This fixes CVE-2009-2693, CVE-2009-2901 & CVE-2009-2902

git-svn-id: https://svn.apache.org/repos/asf/tomcat/trunk@892795 13f79535-47bb-0310-9956-ffa450edef68",bb09002e33c817791185285d492a092a3c568117
VULAS-M,CVE-2009-2902,https://github.com/apache/tomcat,3e1010b1a2f648581fac3d68afbf18f2979f6bf6,,,,apache,tomcat,12/21/09 12:25,"Various related (un)deploy improvements including:
 - better handling of failed (un)deployment
 - adding checking for valid zip file entries that don't make sense in a WAR file
 - improved validation of WAR file names
 - make sure error messages match the action
 - the return from File.getCanonicalPath() may or may not return a final separator for directories

This fixes CVE-2009-2693, CVE-2009-2901 & CVE-2009-2902

git-svn-id: https://svn.apache.org/repos/asf/tomcat/trunk@892795 13f79535-47bb-0310-9956-ffa450edef68",bb09002e33c817791185285d492a092a3c568117
VULAS-M,CVE-2009-3555,https://github.com/apache/tomcat,30af3f5630542a2340781f66553e734a6fd69701,,,,apache,tomcat,11/19/09 22:06,"Improve workaround for CVE-2009-3555
On the plus side, it doesn't rely on an async event to close the connection
On the down side, I haven't yet found a way to log client initiated handshakes before they get closed

git-svn-id: https://svn.apache.org/repos/asf/tomcat/trunk@882320 13f79535-47bb-0310-9956-ffa450edef68",760f24921fe95d05586b43586ca19e4585d8b7f5
VULAS-M,CVE-2009-3555-JETTY,https://github.com/eclipse/jetty.project,b4390f98529fce165e6394b94122b427fdfb8a5e,,,,eclipse,jetty.project,4/12/10 21:58,"CVE-2009-3555 remove test for working reneg as JVMs now have the fix

git-svn-id: svn+ssh://dev.eclipse.org/svnroot/rt/org.eclipse.jetty/jetty/trunk@1502 7e9141cc-0065-0410-87d8-b60c137991c4",67d0c8c268d04c96f55f96658c9340b5f7c3f5da
VULAS-M,CVE-2010-0432,https://github.com/apache/ofbiz,232fb428b7c6b11a518bca942613e458f1960f94,,,,apache,ofbiz,3/8/10 16:11,"[CVE-2010-0432] Multiple fixes to the html form widget renderer to ensure that all output is encoded when necessary.


git-svn-id: https://svn.apache.org/repos/asf/ofbiz/branches@920382 13f79535-47bb-0310-9956-ffa450edef68",5136f27bc2d3b405cc68444c9aa0802be9633a3f
VULAS-M,CVE-2010-0684,https://github.com/apache/activemq,2895197d0dad246757d8d1d9eea181cbf0543ae9,,,,apache,activemq,4/7/10 13:55,"https://issues.apache.org/activemq/browse/AMQ-2613 - more web console sanitation

git-svn-id: https://svn.apache.org/repos/asf/activemq/trunk@931552 13f79535-47bb-0310-9956-ffa450edef68",d71eefc0bfcb382158e37e168f6b08b92fe5ed98
VULAS-M,CVE-2010-1632,https://github.com/apache/axis2-java,dbb2a3d37baf651f34b3bb064badb0e2c377f46b,,,,apache,axis2-java,6/4/10 12:03,"CVE-2010-1632 (AXIS2-4450)
Don't allow DTD's in MTOMBuilder flow. 


git-svn-id: https://svn.apache.org/repos/asf/axis/axis2/java/core/trunk@951385 13f79535-47bb-0310-9956-ffa450edef68",05dafb98d69f86fa1d6d3044c4f6ca271550f817
VULAS-M,CVE-2010-2227,https://github.com/apache/tomcat,4e97b367a97a356d2f8bb9986875e20d0807d32c,,,,apache,tomcat,7/10/10 16:14,"Add CVE-2010-2227 test case

git-svn-id: https://svn.apache.org/repos/asf/tomcat/trunk@962871 13f79535-47bb-0310-9956-ffa450edef68",80d79eb118ec9d4c97c5387a3274824fd6311b2a
VULAS-M,CVE-2010-3718,https://github.com/apache/tomcat,a697f7b52c4e3aea0c6763b33d413b54a518e883,,,,apache,tomcat,10/13/10 15:16,"Ensure work dir attribute is made read-only
CVE-2010-3718

git-svn-id: https://svn.apache.org/repos/asf/tomcat/trunk@1022134 13f79535-47bb-0310-9956-ffa450edef68",2c4536c874fc86d2fe021e9fdaa3b167754b88eb
VULAS-M,CVE-2010-4476,https://github.com/apache/tomcat,407841c426dc52a4c6b8ccd297df6c484a540056,,,,apache,tomcat,2/1/11 22:12,"Improve HTTP specification compliance
This works-around the Oracle JVM bug that triggers a DoS. CVE-2010-4476.

git-svn-id: https://svn.apache.org/repos/asf/tomcat/trunk@1066244 13f79535-47bb-0310-9956-ffa450edef68",008447095ce8c3a8f713093d5e618f3f06f94ea8
VULAS-M,CVE-2011-0013,https://github.com/apache/tomcat,58223c5ecc0751c3642c810f291b8f033d33b97f,,,,apache,tomcat,1/10/11 16:58,"Prevent XSS in Manager application
This addresses CVE-2011-0013


git-svn-id: https://svn.apache.org/repos/asf/tomcat/trunk@1057279 13f79535-47bb-0310-9956-ffa450edef68",657b3f752fe4af82db73dc4e8a9cf8fd6ee8c068
VULAS-M,CVE-2011-1088,https://github.com/apache/tomcat,3e5b0455483eed55752047073e92403bfca8d3ec,,,,apache,tomcat,3/9/11 12:20,"CVE-2011-1088
Fix unit test failures

git-svn-id: https://svn.apache.org/repos/asf/tomcat/trunk@1079769 13f79535-47bb-0310-9956-ffa450edef68",4e33387a401deb40d1f6bb8689767d5ff58b0c86
VULAS-M,CVE-2011-1184,https://github.com/apache/tomcat,639e20992a66d7a42fb59c974db91c8a0f730a1e,,,,apache,tomcat,4/1/11 11:36,"Add additional configuration options to the DIGEST authenticator
This is the fix for CVE-2011-1184

git-svn-id: https://svn.apache.org/repos/asf/tomcat/trunk@1087655 13f79535-47bb-0310-9956-ffa450edef68",9d4a4d89de340ff79c036a37864470eca9a734bb
VULAS-M,CVE-2011-1475,https://github.com/apache/tomcat,fd8a579e0e2379a84826b11700adf396e4ed2041,,,,apache,tomcat,3/28/11 19:19,"Protect against things going wrong during access logging. An un-handled exception here could trigger some unexpected code paths.
Possible contributing factor to https://issues.apache.org/bugzilla/show_bug.cgi?id=50957 ?
This is part of the fix for CVE-2011-1475

git-svn-id: https://svn.apache.org/repos/asf/tomcat/trunk@1086352 13f79535-47bb-0310-9956-ffa450edef68",de8402d9fa8f1cc63d0c5fab65f1261bacbb30dc
VULAS-M,CVE-2011-2204,https://github.com/apache/tomcat,763a56b45999653ce648a18462b8a826809215b1,,,,apache,tomcat,6/27/11 9:27,"Fix CVE-2011-2204.
Prevent user passwords appearing in log files if a runtime exception (e.g. OOME) occurs while creating a new user for a MemoryUserDatabase via JMX.

git-svn-id: https://svn.apache.org/repos/asf/tomcat/trunk@1140070 13f79535-47bb-0310-9956-ffa450edef68",83c0aea60f331eb632dcea8e9919d234903e06d1
VULAS-M,CVE-2011-2481,https://github.com/apache/tomcat,81bb49ad58fc7b1177a86ba82abf0271d07ceeb7,,,,apache,tomcat,6/23/11 9:26,"Fix https://issues.apache.org/bugzilla/show_bug.cgi?id=51395
Better fix for memory leak that aligns ContextConfig with TldConfig
Fix part 3 of 3 for CVE-2011-2481

git-svn-id: https://svn.apache.org/repos/asf/tomcat/trunk@1138788 13f79535-47bb-0310-9956-ffa450edef68",20b6c666e2b7fb552bc8f8b446bb5d65fa594f93
VULAS-M,CVE-2011-2526,https://github.com/apache/tomcat55,e67f6882118f2a8285e4e8acd050dad64a3ef3e4,,,,apache,tomcat55,8/16/11 12:50,"Fix various sendfile issues
CVE-2011-2526

git-svn-id: https://svn.apache.org/repos/asf/tomcat/tc5.5.x/trunk@1158244 13f79535-47bb-0310-9956-ffa450edef68",1669cb24ff2c825ce0e1a7ad1ad18b19e202bbda
VULAS-M,CVE-2011-2730,https://github.com/spring-projects/spring-framework,9772eb8410e37cd0bdec0d1b133218446c778beb,,,,spring-projects,spring-framework,11/25/12 19:50,"Deprecated Spring's own JSP expression evaluation

Since web applications declaring a Servlet 2.3 web.xml become really rare now, we're finally deprecating Spring's own ExpressionEvaluationUtils class. As a consequence, we're also setting ""springJspExpressionSupport"" to false by default, avoiding the potential double EL evaluation problem on pre-Servlet-3.0 containers.

Issue: SPR-5308",bbcf358a9d9c2391955eb21f4fad09a2f101636c
VULAS-M,CVE-2011-3190,https://github.com/apache/tomcat,a2538ce78f83b7376c48d12d8247600079d789b1,,,,apache,tomcat,8/29/11 19:44,"Fix https://issues.apache.org/bugzilla/show_bug.cgi?id=51698
Fix CVE-2011-3190
Prevent AJP request forgery via unread request body packet

git-svn-id: https://svn.apache.org/repos/asf/tomcat/trunk@1162957 13f79535-47bb-0310-9956-ffa450edef68",3513acc544ae5f1ba22ee8c70eb1fcc9180b439c
VULAS-M,CVE-2011-4461-JETTY,https://github.com/eclipse/jetty.project,979d6dbbf9416b1a0ad965e2b8a3b11a2d208627,,,,eclipse,jetty.project,12/7/12 23:03,367638 throw exception for excess form keys,d66f45f2daef85c71a1d5d8e4987036fb8f871d9
VULAS-M,CVE-2011-5062,https://github.com/apache/tomcat55,644dfdf96cf82fcd2a2046d93f2b5495f7e94584,,,,apache,tomcat55,8/18/11 16:49,"Add additional configuration options to the DIGEST authenticator

git-svn-id: https://svn.apache.org/repos/asf/tomcat/tc5.5.x/trunk@1159309 13f79535-47bb-0310-9956-ffa450edef68",9fb8531aa4c40b1f79371c4f42453075f36c02d0
VULAS-M,CVE-2011-5063,https://github.com/apache/tomcat55,644dfdf96cf82fcd2a2046d93f2b5495f7e94584,,,,apache,tomcat55,8/18/11 16:49,"Add additional configuration options to the DIGEST authenticator

git-svn-id: https://svn.apache.org/repos/asf/tomcat/tc5.5.x/trunk@1159309 13f79535-47bb-0310-9956-ffa450edef68",9fb8531aa4c40b1f79371c4f42453075f36c02d0
VULAS-M,CVE-2012-0022,https://github.com/apache/tomcat55,b05497eff4311a9657de6dfc53511d0309eb9db4,,,,apache,tomcat55,1/6/12 14:02,"* Fix https://issues.apache.org/bugzilla/show_bug.cgi?id=52384
  Do not fail in Parameter parsing when debug logging is enabled.
  Also do not flag extra '&' as errors.
      http://svn.apache.org/viewvc?rev=1224659&view=rev



git-svn-id: https://svn.apache.org/repos/asf/tomcat/tc5.5.x/trunk@1228191 13f79535-47bb-0310-9956-ffa450edef68",9bc34aaf471717dde9996806c57f17197d772197
VULAS-M,CVE-2012-0391,https://github.com/apache/struts,b4265d369dc29d57a9f2846a85b26598e83f3892,,,,apache,struts,8/12/11 8:38,"WW-3668 - Vulnerability: User input is evaluated as an OGNL expression when there's a conversion error

git-svn-id: https://svn.apache.org/repos/asf/struts/struts2/trunk@1157009 13f79535-47bb-0310-9956-ffa450edef68",481ef2feaf80bfe9f59ea176dfeb505a5be59428
VULAS-M,CVE-2012-0838,https://github.com/apache/struts,b4265d369dc29d57a9f2846a85b26598e83f3892,,,,apache,struts,8/12/11 8:38,"WW-3668 - Vulnerability: User input is evaluated as an OGNL expression when there's a conversion error

git-svn-id: https://svn.apache.org/repos/asf/struts/struts2/trunk@1157009 13f79535-47bb-0310-9956-ffa450edef68",481ef2feaf80bfe9f59ea176dfeb505a5be59428
VULAS-M,CVE-2012-2098,https://github.com/apache/commons-compress,8f702469cbf4c451b6dea349290bc4af0f6f76c7,,,,apache,commons-compress,5/20/12 18:50,"[CVE-2012-2098] Actually this shift is supposed to be unsigned.

Kudos to Findbugs:
http://findbugs.sourceforge.net/bugDescriptions.html#IM_AVERAGE_COMPUTATION_COULD_OVERFLOW


git-svn-id: https://svn.apache.org/repos/asf/commons/proper/compress/trunk@1340799 13f79535-47bb-0310-9956-ffa450edef68",bbb461e01f3cc687fd6c3dab71ac215df588d1cc
VULAS-M,CVE-2012-3439,https://github.com/apache/tomcat,74a0585c82d981e80c82cd88d1cbcdb80082b77b,,,,apache,tomcat,8/27/12 19:43,"Digest improvements:
- disable caching of authenticated user in session by default
- track server rather than client nonces
- better handling of stale nonce values

git-svn-id: https://svn.apache.org/repos/asf/tomcat/tc7.0.x/trunk@1377807 13f79535-47bb-0310-9956-ffa450edef68",1f9153cc4d317f5725790569e85c5cf7eaf11a91
VULAS-M,CVE-2012-3506,https://github.com/apache/ofbiz,5caeb525634157e10bde176f33afc60bbe3e9ef0,,,,apache,ofbiz,8/26/12 8:35,"CVE-2012-3506: Unlike descriptions and values, tooltips were not encoded, thanks to Scott for spotting it (r1377382 was flawed)

git-svn-id: https://svn.apache.org/repos/asf/ofbiz/trunk@1377388 13f79535-47bb-0310-9956-ffa450edef68",b60c5b7d070968449dd9a719fe275c58dc72ee91
VULAS-M,CVE-2012-5633,https://github.com/apache/cxf,1a6b532d53a7b98018871982049e4b0c80dc837c,,,,apache,cxf,12/12/12 14:23,"Added some tests for CXF-4629

git-svn-id: https://svn.apache.org/repos/asf/cxf/trunk@1420698 13f79535-47bb-0310-9956-ffa450edef68",d479c1b40f1f5d39d018cf808ebbdf7331c8f816
VULAS-M,CVE-2013-0158,https://github.com/jenkinsci/jenkins,94a8789b699132dd706021a6be1b78bc47f19602,,,,jenkinsci,jenkins,1/6/13 0:55,"[SECURITY-49] actively invalidate bad API tokens.

If the user still has the API token that's generated from secret.key,
don't accept that.

Hopefully this is the last fix",31d2e03d478c7e30f8a5b05d8f3bd07b868d9525
VULAS-M,CVE-2013-0177,https://github.com/apache/ofbiz,914c5783c4e268e2584f9713e3784f848c494aa1,,,,apache,ofbiz,1/14/13 9:36,"Applied fix from trunk for revision: 1432833 
===

CVE-2013-0177: The Image.alt is now escaped to prevent the risk of an XSS attack.



git-svn-id: https://svn.apache.org/repos/asf/ofbiz/branches/release11.04@1432850 13f79535-47bb-0310-9956-ffa450edef68",8386ddf6cfe79382bd89ecf14be7fe34b3dd2e8b
VULAS-M,CVE-2013-1768,https://github.com/apache/openjpa,7f14c7df6b7c7ef42f0671138b9b5dd062fe99aa,,,,apache,openjpa,3/27/13 22:10,"Disable logging during brokerfactory de-serialization.  Added type checking of plugin values.

git-svn-id: https://svn.apache.org/repos/asf/openjpa/trunk@1461876 13f79535-47bb-0310-9956-ffa450edef68",5c1421cf09d4628064510e6b29c485a749b5f574
VULAS-M,CVE-2013-2115,https://github.com/apache/struts,d934c6e7430b7b98e43a0a085a2304bd31a75c3d,,,,apache,struts,5/27/13 14:11,"Merged from STRUTS_2_3_14_X
Disable eval expressions [from revision 1469249]
WW-4063
Improved security  by making static method attribute immutable [from revision 1486054]
WW-4063
Skipping unneeded translation for included parameters [from revision 1486076]
WW-4063
Testcase modification after refactoring [from revision 1486164]
WW-4063
Testcases for double parameter evaluation problems [from revision 1486576]

git-svn-id: https://svn.apache.org/repos/asf/struts/struts2/trunk@1486633 13f79535-47bb-0310-9956-ffa450edef68",eb2a9eb8ff95a124a3e4d585dff3b889d710e685
VULAS-M,CVE-2013-2134,https://github.com/apache/struts,711cf0201cdd319a38cf29238913312355db29ba,,,,apache,struts,6/6/13 5:29,"Merged from STRUTS_2_3_14_2_X
WW-4090 Itroduces actions names' whitelisting [from revision 1488895]
WW-4090 Removes double evaluation of parsed expression [from revision 1488897]
WW-4090 Add some logging [from revision 1488899]
WW-4090 Uses warn level instead of debug [from revision 1488900]

git-svn-id: https://svn.apache.org/repos/asf/struts/struts2/trunk@1490149 13f79535-47bb-0310-9956-ffa450edef68",66d71be669f08fe47f89875ecef969d9995316bc
VULAS-M,CVE-2013-2135,https://github.com/apache/struts,711cf0201cdd319a38cf29238913312355db29ba,,,,apache,struts,6/6/13 5:29,"Merged from STRUTS_2_3_14_2_X
WW-4090 Itroduces actions names' whitelisting [from revision 1488895]
WW-4090 Removes double evaluation of parsed expression [from revision 1488897]
WW-4090 Add some logging [from revision 1488899]
WW-4090 Uses warn level instead of debug [from revision 1488900]

git-svn-id: https://svn.apache.org/repos/asf/struts/struts2/trunk@1490149 13f79535-47bb-0310-9956-ffa450edef68",66d71be669f08fe47f89875ecef969d9995316bc
VULAS-M,CVE-2013-2248,https://github.com/apache/struts,630e1ba065a8215c4e9ac03bfb09be9d655c2b6e,,,,apache,struts,7/15/13 8:02,"Merged from STRUTS_2_3_15_X
WW-4140
- Lukasz' patch applied [from revision 1502979]

git-svn-id: https://svn.apache.org/repos/asf/struts/struts2/trunk@1503127 13f79535-47bb-0310-9956-ffa450edef68",4e3b0d9e9d86cc116441ca53670983fcf983cc18
VULAS-M,CVE-2013-2251,https://github.com/apache/struts,630e1ba065a8215c4e9ac03bfb09be9d655c2b6e,,,,apache,struts,7/15/13 8:02,"Merged from STRUTS_2_3_15_X
WW-4140
- Lukasz' patch applied [from revision 1502979]

git-svn-id: https://svn.apache.org/repos/asf/struts/struts2/trunk@1503127 13f79535-47bb-0310-9956-ffa450edef68",4e3b0d9e9d86cc116441ca53670983fcf983cc18
VULAS-M,CVE-2013-4002,https://github.com/apache/xerces2-j,266e837852e0f0e3c8c1ad572b6fc4dbb4ded17,,,,apache,xerces2-j,7/3/13 18:29,"The only legal names in XML 1.0/1.1 documents are 'version', 'encoding' and 'standalone'. Replacing the generic call to the scanner with a specialized method which only allows these legal XML pseudo attribute names. This improves the performance of the XML scanner when it is processing the XML declaration.

git-svn-id: https://svn.apache.org/repos/asf/xerces/java/trunk@1499506 13f79535-47bb-0310-9956-ffa450edef68",f4fe82e7ef5c7608b771db9fe2f4ea8a955ff5f0
VULAS-M,CVE-2013-4221,https://github.com/restlet/restlet-framework-java,12cc79b3953c7bd276e9f1cae2fbfdb9c1a6f07,,,,restlet,restlet-framework-java,8/14/13 16:08,"Fixed issue #774 - Removed default support of JavaBeans XML-serialization. Reported by David Jorm, Dinis Cruz, Abraham Kang and Alvaro Munoz.",f4cb976e1ac3301682a215c20d931d4c89d1b1f8
VULAS-M,CVE-2013-4286,https://github.com/apache/tomcat,bcce3e4997a4ed06fe03e2517443f3ad8ade2dfa,,,,apache,tomcat,9/11/13 13:41,"Better adherence to RFC2616 for content-length headers

git-svn-id: https://svn.apache.org/repos/asf/tomcat/trunk@1521829 13f79535-47bb-0310-9956-ffa450edef68",7960a66affb955dcdb49a3d78d646cdf7a98eb52
VULAS-M,CVE-2013-4322,https://github.com/apache/tomcat,d6a9898125f34e593de426e8c7dabb0f224fc00f,,,,apache,tomcat,9/11/13 13:44,"Add support for limiting the size of chunk extensions when using
chunked encoding

git-svn-id: https://svn.apache.org/repos/asf/tomcat/trunk@1521834 13f79535-47bb-0310-9956-ffa450edef68",d0f94a5bb7eb4cb74c7c7c936c67d557baef4055
VULAS-M,CVE-2013-4330,https://github.com/apache/camel,5ba8f63f78f82b0cddf6cecbf59ac444a0cae2a6,,,,apache,camel,9/15/13 13:12,CAMEL-6748: Optimize File Producers by Skipping Header Evaluation. Thansk to James Carman for the patch.,1657378344dfdf0837464dcae53bf974c595c481
VULAS-M,CVE-2013-4590,https://github.com/apache/tomcat,05c84ff8304a69a30b251f207a7b93c2c882564d,,,,apache,tomcat,12/9/13 10:01,"Add an option to the Context to control the blocking of XML external entities when parsing XML configuration files and enable this blocking by default. The block is implemented via a custom resolver to enable the logging of any blocked entities.

git-svn-id: https://svn.apache.org/repos/asf/tomcat/trunk@1549528 13f79535-47bb-0310-9956-ffa450edef68",70dc3b279f7c99136c2c51bce8812508b4893c8b
VULAS-M,CVE-2013-5823,https://github.com/apache/santuario-java,55a48497dfbf3fe63a81e67c13160b3f41ebb1f3,,,,apache,santuario-java,7/31/12 11:50,"[SANTUARIO-334] - UnsyncByteArrayOutputStream hangs on messages larger 512 MB

git-svn-id: https://svn.apache.org/repos/asf/santuario/xml-security-java/branches/1.4.x-fixes@1367505 13f79535-47bb-0310-9956-ffa450edef68",4f421e074a60ba0de931d1dca0b56f11aa47df72
VULAS-M,CVE-2013-6429,https://github.com/spring-projects/spring-framework,2ae6a6a3415eebc57babcb9d3e5505887eda6d8,,,,spring-projects,spring-framework,11/5/13 14:21,"Disable ext entities in SourceHttpMessageConverter

This change disables the processing of external entities in
SourceHttpMessageConverter by default and provides an option to enable
it if required.",c5fcf19535968ed059c404ee7d23c36fd1acd8d7
VULAS-M,CVE-2013-7398,https://github.com/AsyncHttpClient/async-http-client,3c9152e2c75f7e8b654beec40383748a14c6b51b,,,,AsyncHttpClient,async-http-client,3/30/14 15:43,"Merge pull request #510 from wsargent/fix-197

Fix for #197 -- use a hostname verifier that does hostname verification",c9b5391e94cb5c81476d8d154d8b02d06f7804ff:bbdc1b3cc6ffc0eda0dd0ad54557db557ae937f7
VULAS-M,CVE-2014-0002,https://github.com/apache/camel,341d4e6cca71c53c90962d1c3d45fc9e05cc50c6,,,,apache,camel,1/13/14 3:02,CAMEL-7129: Remove the CamelXsltResourceUri header from xslt component,2639264b28940683dfc808bf8edfb41bbceb7ad7
VULAS-M,CVE-2014-0003,https://github.com/apache/camel,e922f89290f236f3107039de61af0375826bd96d,,,,apache,camel,1/10/14 9:17,CAMEL-7123 Enable the xml transformer security processing feature by default,d6b118e5d17ce81955b8c43c776a956a640808e4
VULAS-M,CVE-2014-0054,https://github.com/spring-projects/spring-framework,edba32b3093703d5e9ed42b5b8ec23ecc1998398,,,,spring-projects,spring-framework,2/18/14 23:48,"Add processExternalEntities support to OXM

Update OXM AbstractMarshaller to support processing of external
XML entities. By default external entities will not be processed.

Issue: SPR-11376",f053f60630b3251500bb7ad321853d8679947e29
VULAS-M,CVE-2014-0075,https://github.com/apache/tomcat,f646a5acd5e32d6f5a2d9bf1d94ca66b65477675,,,,apache,tomcat,3/17/14 12:31,"Improve processing of chuck size from chunked headers. Avoid overflow and use a bit shift instead of a multiplication as it is marginally faster.

git-svn-id: https://svn.apache.org/repos/asf/tomcat/trunk@1578337 13f79535-47bb-0310-9956-ffa450edef68",e8cc1e6ef11a779313ab467a8410feabfdb4d8bf
VULAS-M,CVE-2014-0096,https://github.com/apache/tomcat,970c23bfd24dfa1dcb86ed917e6c8b47dcfb4433,,,,apache,tomcat,3/17/14 21:43,"Redefine globalXsltFile as relative to CATALINA_BASE/conf or CATALINA_HOME/conf

git-svn-id: https://svn.apache.org/repos/asf/tomcat/trunk@1578610 13f79535-47bb-0310-9956-ffa450edef68",03d1f33ee8f7e6b2fb7aa86edd7a43f3a240aa42
VULAS-M,CVE-2014-0097,https://github.com/spring-projects/spring-security,a7005bd74241ac8e2e7b38ae31bc4b0f641ef973,,,,spring-projects,spring-security,3/4/14 19:48,SEC-2500: Prevent anonymous bind for ActiveDirectoryLdapAuthenticator,ea902e5829f5d2dd6279983846ebce3416a52479
VULAS-M,CVE-2014-0099,https://github.com/apache/tomcat,fffd63a3bd3a5475379b7c074820a5463b7663b3,,,,apache,tomcat,3/18/14 10:27,"Fix possible overflow when parsing long values from a byte array.

git-svn-id: https://svn.apache.org/repos/asf/tomcat/trunk@1578812 13f79535-47bb-0310-9956-ffa450edef68",313ba522851a32e798d94c7250e1ec80a1d30a22
VULAS-M,CVE-2014-0119,https://github.com/apache/tomcat,ce70ee6b8fe437a498a375215011056702b0c481,,,,apache,tomcat,4/17/14 9:56,"Small optimisation. The resolver and the factory are only used when running under a security manager so only load them in this case.
Also avoid a possible memory leak when creating these objects.

git-svn-id: https://svn.apache.org/repos/asf/tomcat/trunk@1588193 13f79535-47bb-0310-9956-ffa450edef68",804fec853b560598d83b50686575bfedcf43d04a
VULAS-M,CVE-2014-0225,https://github.com/spring-projects/spring-framework,8e096aeef55287dc829484996c9330cf755891a1,,,,spring-projects,spring-framework,5/20/14 2:45,"Disable URL resolution in DTD declarations

Issue: SPR-11768",61b47ba7d90ecaf37c61ecacc1fb19de57ed4b1b
VULAS-M,CVE-2014-0227,https://github.com/apache/tomcat,593a2447e6ebe465585cfa07e93b5635dffa1c70,,,,apache,tomcat,6/6/14 19:14,"i18n for ChunkedInputFilter error message
Add error flag to allow subsequent attempts at reading after an error to fail fast

git-svn-id: https://svn.apache.org/repos/asf/tomcat/trunk@1600984 13f79535-47bb-0310-9956-ffa450edef68",a733f7f1daa9d8234e5efc958ead6f7c5a70960e
VULAS-M,CVE-2014-0230,https://github.com/apache/tomcat,e28dd578fad90a6d5726ec34f3245c9f99d909a5,,,,apache,tomcat,6/19/14 9:06,"Add a new limit, defaulting to 2MB, for the amount of data Tomcat will swallow for an aborted upload.

git-svn-id: https://svn.apache.org/repos/asf/tomcat/trunk@1603770 13f79535-47bb-0310-9956-ffa450edef68",c8c7e8d528749ff2968f069e19d19cb0dde07214
VULAS-M,CVE-2014-1904,https://github.com/spring-projects/spring-framework,741b4b229ae032bd17175b46f98673ce0bd2d485,,,,spring-projects,spring-framework,2/13/14 19:36,"Add encoding for the default action in FormTag

Issue: SPR-11426",0cb27f4bc50e4ce78c64176a0aec1291754cabfd
VULAS-M,CVE-2014-3527,https://github.com/spring-projects/spring-security,934937d9c1dc20c396b96c08310b72cfa627acb,,,,spring-projects,spring-security,7/24/14 21:56,SEC-2688: CAS Proxy Ticket Authentication uses Service for host & port,f50e058d0789de4baf9d8ca87952567c60849155
VULAS-M,CVE-2014-3529,https://github.com/apache/poi,eabb6a924be24abb879372d0bc967e0d316b2cf8,,,,apache,poi,8/13/14 22:34,"More cleanups for bug #56814 and some more external entity leaks of #56164

git-svn-id: https://svn.apache.org/repos/asf/poi/trunk@1617849 13f79535-47bb-0310-9956-ffa450edef68",8afdb7a9ce17b5142cce793a1ec8435ff59e9306
VULAS-M,CVE-2014-3558,https://github.com/hibernate/hibernate-validator,f97c2021a03c825abdeca1692f5be51e77e76a8f,,,,hibernate,hibernate-validator,7/23/14 14:25,HV-912 Removing unused method parameter,e8c42b689df8c6752d635d02c6518da3fece3870
VULAS-M,CVE-2014-3574,https://github.com/apache/poi,103b45073c7b504236588b3acc146530205af53c,,,,apache,poi,8/7/14 15:25,"Merged revision(s) 1569991, 1615720, 1615731, 1615780-1615781, 1615893, 1589759 from poi/trunk:
Apply suggestions from Uwe Schindler for more secure xml defaults for #54764 and #56164, for xml parsers which support them
........
Add another test file for #54764, and a test that uses it
........
Change the default XMLBeans version used for running to be 2.6, leave 2.3 for compiling the schemas (for maximum compatibility)
........
Before parsing an OOXML document, reset the xmlbeans sax parser to avoid the risk of getting one in an error state (due to XMLBEANS-512). Should be a minimal extra overhead pending a proper fix. Allows us to finish enabling the unit tests for #54764
........
Correct xmlbeans 2.6 url

git-svn-id: https://svn.apache.org/repos/asf/poi/branches/REL_3_10_BRANCH@1616509 13f79535-47bb-0310-9956-ffa450edef68",c557276cb4d299690a7179655fc4c32396f658c6
VULAS-M,CVE-2014-3578,https://github.com/spring-projects/spring-framework,8e096aeef55287dc829484996c9330cf755891a1,,,,spring-projects,spring-framework,5/20/14 2:45,"Disable URL resolution in DTD declarations

Issue: SPR-11768",61b47ba7d90ecaf37c61ecacc1fb19de57ed4b1b
VULAS-M,CVE-2014-3625,https://github.com/spring-projects/spring-framework,9cef8e3001ddd61c734281a7556efd84b6cc2755,,,,spring-projects,spring-framework,11/11/14 6:12,"Apply extra checks to static resource handling

- remove leading '/' and control chars
- improve url and relative path checks
- account for URL encoding
- add isResourceUnderLocation final verification

Issue: SPR-12354",a831ed524fbc34f4a8a976b1158d5abd1042a006
VULAS-M,CVE-2014-3682,https://github.com/kiegroup/jbpm-designer,69d8f6b7a099594bd0536f88d52875387585708,,,,kiegroup,jbpm-designer,12/3/14 10:32,BZ1150634: switch off external-parameter-entity processing in XML parser,5919da38e9729756d83a0e21a8cd6f743b553306
VULAS-M,CVE-2014-4172,https://github.com/apereo/java-cas-client,ab6cbdc3daa451b4fef89c0bd0f4e6568f3aa9ef,,,,apereo,java-cas-client,6/29/14 19:11,"Merge pull request #73 from battags/CASC-228

CASC-228 URL Encode Paramaters Passed to Server via Validate",fd962da5c4a30e445583413c4e612baed6b11bd4
VULAS-M,CVE-2014-8122,https://github.com/weld/core,8e413202fa1af08c09c580f444e4fd16874f9c65,,,,weld,core,12/3/14 13:21,"WELD-1802 An exception during context deactivation/dissociation should
not abort further procesing",00bdcbaffe1c8bc75a0d25d8dddecff396eda1c4
VULAS-M,CVE-2015-0201,https://github.com/spring-projects/spring-framework,dc5b5ca8ee09c890352f89b2dae58bc0132d6545,,,,spring-projects,spring-framework,12/2/14 17:03,"Check the user of a SockJS request

Issue: SPR-12497",6e54fc960a6d0241f2520f7296312a0db1edd5c7
VULAS-M,CVE-2015-1427,https://github.com/elastic/elasticsearch,764fda6420a0aa10db4abef15429b5e77b9be8bf,,,,elastic,elasticsearch,2/11/15 12:21,[TEST] make sandbox settings explicit in Tests,0b0cd1c46cb5d1483ec83b8efa0c0088a8f8ef01
VULAS-M,CVE-2015-1830,https://github.com/apache/activemq,729c4731574ffffaf58ebefdbaeb3bd19ed1c7b7,,,,apache,activemq,5/5/15 14:29,https://issues.apache.org/jira/browse/AMQ-5754 - better filename guaard fix,a37b43cca82f108a8e3f5c2803a9b50911a60979
VULAS-M,CVE-2015-1833,https://github.com/apache/jackrabbit,b7fa1ae39641936872617ff95363353b0345b777,,,,apache,jackrabbit,5/21/15 12:04,"JCR-3883: Jackrabbit WebDAV bundle susceptible to XXE/XEE attack (CVE-2015-1833) - add missing test classed (ported to 2.0)

git-svn-id: https://svn.apache.org/repos/asf/jackrabbit/branches/2.0@1680837 13f79535-47bb-0310-9956-ffa450edef68",5c0db2cd201fa0aad5cde0a5051758994831de5c
VULAS-M,CVE-2015-2080,https://github.com/eclipse/jetty.project,3e7b5f0fa918633ec24bd1bc23d6ee76d32c7729,,,,eclipse,jetty.project,2/23/15 21:57,"460642 - HttpParser error 400 can expose previous buffer contents in HTTP status reason message

+ Simplifying behavior",b69b8dfe504943b20f86b56233dc791a8081712e
VULAS-M,CVE-2015-3268,https://github.com/apache/ofbiz,c3cc66f1da0d54f918179c342280219024f64bc2,,,,apache,ofbiz,7/23/15 8:36,"The description attribute of the display-entity element is now escaped to prevent the risk of an XSS attack.
[CVE-2015-3268] Stored Cross-Site Scripting Vulnerability affecting the description attribute of the display-entity element because it was not escaped.


git-svn-id: https://svn.apache.org/repos/asf/ofbiz/trunk@1692357 13f79535-47bb-0310-9956-ffa450edef68",ac534d07e92ccab63d8d17b432aa5cfe38c4b51f
VULAS-M,CVE-2015-5174,https://github.com/apache/tomcat80,2fc9d03ffbc3fe7eabfd272380807ac0ddcf748d,,,,apache,tomcat80,8/17/15 14:10,"Fix Javadoc
Separate test cases into separate test methods and add some additional tests.
Clean up the code and fix a couple of edge cases

git-svn-id: https://svn.apache.org/repos/asf/tomcat/tc8.0.x/trunk@1696281 13f79535-47bb-0310-9956-ffa450edef68",53cdc8d6752584b54159fe8a48aaf1a8ef7155e2
VULAS-M,CVE-2015-5175,https://github.com/apache/cxf-fediz,f65c961ea31e3c1851daba8e7e49fc37bbf77b19,,,,apache,cxf-fediz,7/2/15 16:07,Refactor of DOM parsing,f49716338c3cb6564878ff25ec876e66240d3883
VULAS-M,CVE-2015-5204,https://github.com/apache/cordova-plugin-file-transfer,8fcdb1aa3deb892691b44bdf57e8d780da09e2a4,,,,apache,cordova-plugin-file-transfer,9/8/15 18:19,"Found issue where : is accepted as a valid header, this is obviously wrong",cebdae3a402b595c280c722e7f851993f6d5b2c5
VULAS-M,CVE-2015-5211,https://github.com/spring-projects/spring-framework,2bd1daa75ee0b8ec33608ca6ab065ef3e1815543,,,,spring-projects,spring-framework,10/5/15 1:25,"Protect against RFD exploits

Issue: SPR-13548",161fd986566b12fc6eb776cd5e48e3fdb9910e72
VULAS-M,CVE-2015-5254,https://github.com/apache/activemq,d7a3b9406b8496c3f1508bebf3c7ff5367374b90,,,,apache,activemq,11/17/15 14:27,"https://issues.apache.org/jira/browse/AMQ-6029 - make certs available to tunnle servlet - HttpsNeedClientAuthSendAndReceiveTest regression, add javax.security so login exceptions can propogate over http - https://issues.apache.org/jira/browse/AMQ-6013",e8a0d042d8897cffd904697ac8febae7824ddc18
VULAS-M,CVE-2015-5262,https://github.com/apache/httpcomponents-client,d954cd287dfcdad8f153e61181e20d253175ca8c,,,,apache,httpcomponents-client,9/22/14 14:13,"Use non-zero connect timeout as SSL handshake handshake (socket) timeout if not explicitly set by the caller (socket timeout is zero)

git-svn-id: https://svn.apache.org/repos/asf/httpcomponents/httpclient/branches/4.3.x@1626784 13f79535-47bb-0310-9956-ffa450edef68",a7defd94e57fc9a0b537fc4dab3bd7b0c1128df1
VULAS-M,CVE-2015-5344,https://github.com/apache/camel,8386d8f7260143802553bc6dbae2880d6c0bafda,,,,apache,camel,11/13/15 14:17,[CAMEL-9297] Expose more configuration options from Camel's XStream. Allow to configure the types/permissions in the Java DSL. Updated the unit tests to do it like the end user would do it.,0e1e821c1992522da0a37c1fd2e4e85a4581c693
VULAS-M,CVE-2015-5345,https://github.com/apache/tomcat,7288bc70a14edcfeff0a96e333a858be374cfc64,,,,apache,tomcat,11/30/15 9:27,"Fix https://bz.apache.org/bugzilla/show_bug.cgi?id=58660
With mapperContextRootRedirectEnabled ste to false, the redirect needs to be handled elsewhere.
- Ensure the Mapper does not add the '/' handling the redirect
- Handle the redirect in the DefaultServlet
- Add a redirect to FORM auth if auth is occurring at the context root else the login page could be submitted to the wrong web application

git-svn-id: https://svn.apache.org/repos/asf/tomcat/tc7.0.x/trunk@1717212 13f79535-47bb-0310-9956-ffa450edef68",74b3895d23b2010382880eea081ac353e8d6b01e
VULAS-M,CVE-2015-5346,https://github.com/apache/tomcat80,04164c1f01b973e548d95511d417f414ca723cb8,,,,apache,tomcat,1/6/16 10:19,"Fix https://bz.apache.org/bugzilla/show_bug.cgi?id=58809
Correctly recycle the cookies when mapping requests for parallel deployment

git-svn-id: https://svn.apache.org/repos/asf/tomcat/tc8.0.x/trunk@1723506 13f79535-47bb-0310-9956-ffa450edef68",6fcc354e728d4bade39d5f180e592b784340e1ec
VULAS-M,CVE-2015-5348,https://github.com/apache/camel,5ea0a6f6c6a54f1cddf9691a99b0c237afc95348,,,,apache,camel,11/12/15 19:41,CAMEL-9309: Make it easier to turn on|off java transport over http,39841c6c4d9b8450859d4a3a3be419506cf4546c
VULAS-M,CVE-2015-6644,https://github.com/bcgit/bc-java,25aca54734b861ef109ac4943c4a5f98c0c1b885,,,,bcgit,bc-java,1/14/16 17:37,"last block on J0, counter needs to reflect maxlen(p)",b114daa41aa8659bfdb4a1b53f403c2c237d55ca
VULAS-M,CVE-2015-7559,https://github.com/apache/activemq,338a74dfa42a7b19d39adecacfa5f626a050e807,,,,apache,activemq,10/18/16 10:04,https://issues.apache.org/jira/browse/AMQ-6470 - Remove unused ControlCommand handling in client,c1157fe1f007ee2344a7f0badefa0794c98817cd
VULAS-M,CVE-2016-0714,https://github.com/apache/tomcat,f626da75fd59da82b14dee7b8cc46ad51eefdbe5,,,,apache,tomcat,1/21/16 13:13,"When using the new sessionAttributeValueClassNameFilter, apply the filter earlier rather than loading the class and then deciding to filter it out.
When a SecurityManager is used, enable filtering by default.

git-svn-id: https://svn.apache.org/repos/asf/tomcat/tc7.0.x/trunk@1727034 13f79535-47bb-0310-9956-ffa450edef68",b40f6d6c235266ca65a110519d043f57ffb83a6f
VULAS-M,CVE-2016-0734,https://github.com/apache/activemq,24ad36778534c5ac888f880837075449169578ad,,,,apache,activemq,2/12/16 19:43,"https://issues.apache.org/jira/browse/AMQ-6170

Fixing X-Frame-Options header so that is applied for all content served
by Jetty.  The previous patch wasn't correct because it only applied it
to Servlets and JSPs and not static content. This also reverts AMQ-6113",b595b8bc12cf58314fb131128184fec92e7d2509
VULAS-M,CVE-2016-0762,https://github.com/apache/tomcat,86b2e436099cb48f30dad950175c5beeeb763756,,,,apache,tomcat,8/30/16 22:55,"Make timing attacks against the Realm implementations harder. (schultz)

git-svn-id: https://svn.apache.org/repos/asf/tomcat/trunk@1758499 13f79535-47bb-0310-9956-ffa450edef68",f603f2f4595073f9490e01699d2083112a7c09a7
VULAS-M,CVE-2016-0763,https://github.com/apache/tomcat,76ebc9007567c8326217dd94844540e1e27d8468,,,,apache,tomcat,1/21/16 12:47,"Protect initialization of ResourceLinkFactory when running with a SecurityManager.

git-svn-id: https://svn.apache.org/repos/asf/tomcat/trunk@1725926 13f79535-47bb-0310-9956-ffa450edef68",0a6502c6b1d889fd69aa389eedb34215f593e58e
VULAS-M,CVE-2016-2402,https://github.com/square/okhttp,3ccb46dd16b6ec98f70b0ee53eafe5ed6380891e,,,,square,okhttp,2/9/16 16:20,"Merge pull request #2330 from square/jwilson_0209_dont_pay

Don't pay to clean certificates if we aren't pinning.",61b05581188ac5cc531af2f6b0cb628b011b3588
VULAS-M,CVE-2016-2510,https://github.com/beanshell/beanshell,7c68fde2d6fc65e362f20863d868c112a90a9b49,,,,beanshell,beanshell,2/3/16 1:03,Prevent deserialization of Handler,65a3c86837f0cff718fc9d389543e5ad59b527cd
VULAS-M,CVE-2016-3084,https://github.com/cloudfoundry/uaa,460627ed419e4227b10ff121248b3ffc009011a9,,,,cloudfoundry,uaa,5/3/16 15:46,Improve reset password experience,08c0e1fc8dbe5168144c4ffa26ee99dee1dd20f7
VULAS-M,CVE-2016-3087,https://github.com/apache/struts,6bd694b7980494c12d49ca1bf39f12aec3e03e2f,,,,apache,struts,4/18/16 18:39,Drops defining location via request,c9c21378f2fb2ff21355c128c45e106ebd87ad7c
VULAS-M,CVE-2016-3092,https://github.com/apache/tomcat,2c3553f3681baf775c50bb0b49ea61cb44ea914f,,,,apache,tomcat,5/13/16 18:50,"Update internal fork of Commons File Upload

git-svn-id: https://svn.apache.org/repos/asf/tomcat/tc8.5.x/trunk@1743722 13f79535-47bb-0310-9956-ffa450edef68",250eb500207a921c204b3cf641c2aba7a1bba69e
VULAS-M,CVE-2016-3674,https://github.com/x-stream/xstream,7c77ac0397a1f93c69d2776a13c31957f55d1647,,,,x-stream,xstream,10/1/15 7:24,Fix XXE vulnerability for JDom parsers. ,2b1568bd72baf71254190b74dd1204d47f630e30
VULAS-M,CVE-2016-4003,https://github.com/apache/struts,a89bbe22cd2461748d595a89a254de888a415e6c,,,,apache,struts,1/14/16 14:24,WW-4507 - adjust Tomcat url decoding code to Log4j 2 logging used in Struts,460faa33d8e87b8adcfd81cc69299553c719f23a
VULAS-M,CVE-2016-4436,https://github.com/apache/struts,27ca165ddbf81c84bafbd083b99a18d89cc49ca7,,,,apache,struts,5/12/16 13:36,Throws away methods that doesn't match pattern,8b688cc38d589c787c091a2c7c3574e5c3619484
VULAS-M,CVE-2016-4465,https://github.com/apache/struts,a0fdca138feec2c2e94eb75ca1f8b76678b4d152,,,,apache,struts,6/14/16 4:53,Improves validation RegEx,7621c2bc92e46341caa245544e09d9d2a604f51c
VULAS-M,CVE-2016-4468,https://github.com/cloudfoundry/uaa,b384a650a122e42d75e8cbb5624d0274a65cd848,,,,cloudfoundry,uaa,6/17/16 2:01,"Enable processing of the sorting parameter
[#121682941]",4e7d8dd214069fa5d643ee64ed6e42bacd52acc2
VULAS-M,CVE-2016-4970,https://github.com/netty/netty,9e2c400f89c5badc39919f811179d3d42ac5257c,,,,netty,netty,5/28/16 3:52,"OpenSslEngine writePlaintextData WANT_READ with no data in BIO buffer

Motivation:
CVE-2016-4970

OpenSslEngine.wrap calls SSL_write which may return SSL_ERROR_WANT_READ, and if in this condition there is nothing to read from the BIO the OpenSslEngine and SslHandler will enter an infinite loop.

Modifications:
- Use the error code provided by OpenSSL and go back to the EventLoop selector to detect if the socket is closed

Result:
OpenSslEngine correctly handles the return codes from OpenSSL and does not enter an infinite loop.",a14eda7db055cbe3b32dc34370701c841879d2ae
VULAS-M,CVE-2016-5016,https://github.com/cloudfoundry/uaa,0a78612f981c541ad2d997e6a365f2a0b3e799d9,,,,cloudfoundry,uaa,7/14/16 22:47,"Wrap trustmanager in custom trustmanager

Signed-off-by: Priyata Agrawal <pagrawal@pivotal.io>",ddae2a131ab505ddf079a7db4289205098373244
VULAS-M,CVE-2016-5018,https://github.com/apache/tomcat,492cbc9a1e33e6d356438bcba4fa2b67680d245a,,,,apache,tomcat,9/12/16 8:27,"Fix https://bz.apache.org/bugzilla/show_bug.cgi?id=60101
Remove preloading of the class that was deleted

git-svn-id: https://svn.apache.org/repos/asf/tomcat/tc7.0.x/trunk@1760309 13f79535-47bb-0310-9956-ffa450edef68",4c84818cf2f5494cb14a740d440fb28d0aaa22d0
VULAS-M,CVE-2016-5388,https://github.com/apache/tomcat,fb3569fbb9a2f55459aa8e1e22bc35a737e66329,,,,apache,tomcat,8/19/16 16:38,"Add a new initialisation parameter, envHttpHeaders, to the CGI Servlet to mitigate httpoxy (CVE-2016-5388) by default and to provide a mechanism that can be used to mitigate any future, similar issues.

git-svn-id: https://svn.apache.org/repos/asf/tomcat/trunk@1756939 13f79535-47bb-0310-9956-ffa450edef68",f6b3b9ef6c70a2d6f45b5e2d848eef0c74f93d53
VULAS-M,CVE-2016-5641,https://github.com/swagger-api/swagger-codegen,cee45bc9aa0296b35170cb10b5132491c5dbdc88,,,,swagger-api,swagger-codegen,7/13/16 12:44,"Merge pull request #3360 from wing328/csharp_escape_double_hyphen

[C#] fix double hyphen in c# generator",133c3abc57e7412261e5f1b69b4dbd9a94586b01:41636ae149fdd8a9414fcd579dad697ed8317ba5
VULAS-M,CVE-2016-6637,https://github.com/cloudfoundry/uaa,cded6164a3b90e791688a954069aea3cfde59b69,,,,cloudfoundry,uaa,8/30/16 17:50,"Implement approvals csrf tokens
[#129374221] https://www.pivotaltracker.com/story/show/129374221",3da1c165f595db24c526ba0446b487178e81182a
VULAS-M,CVE-2016-6651,https://github.com/cloudfoundry/uaa,96f702681676d829628a23db171ffa79a32f03af,,,,cloudfoundry,uaa,9/16/16 20:55,Cleanup of non needed parameters,9429d16935f204913a4ab60a3ba1811beafaab0b
VULAS-M,CVE-2016-6794,https://github.com/apache/tomcat,c1660182010b4255c21c874d69c124370a67784a,,,,apache,tomcat,7/28/16 19:45,"Provide a mechanism that enables the container to check if a component (typically a web application) has been granted a given permission when running under a SecurityManager without the current execution stack having to have passed through the component. Use this new mechanism to extend SecurityManager protection to the system property replacement feature of the digester.

git-svn-id: https://svn.apache.org/repos/asf/tomcat/trunk@1754445 13f79535-47bb-0310-9956-ffa450edef68",b93fa63eade1deee9594d7ad3e372ea835ff99c1
VULAS-M,CVE-2016-6795,https://github.com/apache/struts,030ffa33543f8953306ed0c0dc815c7fb74d7129,,,,apache,struts,8/17/16 13:35,Disables params evaluation when creating results by convention,77017cd677c209324a9253f005246eba606d80d4
VULAS-M,CVE-2016-6796,https://github.com/apache/tomcat,fb65c5fe6d298195beee11324416a975bea6d701,,,,apache,tomcat,10/4/16 6:45,"Improve the access checks for linked global resources to handle the case where the current class loader is a child of the web application class loader.

git-svn-id: https://svn.apache.org/repos/asf/tomcat/tc7.0.x/trunk@1763236 13f79535-47bb-0310-9956-ffa450edef68",e23053542332852235711a757359acc6e94ecc51
VULAS-M,CVE-2016-6797,https://github.com/apache/tomcat,2859ac3eae132383cb6f3f2042e25d7a4a281b0d,,,,apache,tomcat,8/22/16 20:48,"When adding and removing ResourceLinks dynamically, ensure
that the global resource is only visible via the
ResourceLinkFactory when it is meant to be.

git-svn-id: https://svn.apache.org/repos/asf/tomcat/trunk@1757271 13f79535-47bb-0310-9956-ffa450edef68",457e2dc2c764e0f3c8ccdd7bd320a1f4bfded7a6
VULAS-M,CVE-2016-6801,https://github.com/apache/jackrabbit,884ede7db1c6ca490fcbb8238762b000a25f82c3,,,,apache,jackrabbit,9/22/16 12:02,"JCR-4009: fix whitespace in log messages (ported to 2.4)

git-svn-id: https://svn.apache.org/repos/asf/jackrabbit/branches/2.4@1761916 13f79535-47bb-0310-9956-ffa450edef68",e989a75f3f1de73c89d71a89bf9a6e171b0ce05a
VULAS-M,CVE-2016-6812,https://github.com/apache/cxf,a23c615b,,,,apache,cxf,10/18/16 15:01,[CXF-6216] Better stripping of matrix params,c212240f696e3387df19bbcf22d1851aff320078
VULAS-M,CVE-2016-6816,https://github.com/apache/tomcat,516bda676ac8d0284da3e0295a7df70391315360,,,,apache,tomcat,11/2/16 11:57,"Add additional checks for valid characters to the HTTP request line
parsing so invalid request lines are rejected sooner.

git-svn-id: https://svn.apache.org/repos/asf/tomcat/trunk@1767641 13f79535-47bb-0310-9956-ffa450edef68",06d9c8760ce1eae8eec553c9fdf481aa026e37ff
VULAS-M,CVE-2016-6817,https://github.com/apache/tomcat,079372fc7bac8e2e378942715c9ce26a4a72c07a,,,,apache,tomcat,10/20/16 10:07,"Fix https://bz.apache.org/bugzilla/show_bug.cgi?id=60232

The header read buffer needs to be at least the size of the largest
header.

git-svn-id: https://svn.apache.org/repos/asf/tomcat/trunk@1765794 13f79535-47bb-0310-9956-ffa450edef68",e4bdc8ab50b13ffe66ecdf242db5a83199f4dad1
VULAS-M,CVE-2016-8735,https://github.com/apache/tomcat,0e83ad3e547fc9a75a258799ef581249b40a82a6,,,,apache,tomcat,11/2/16 11:57,"Explicitly configure allowed credential types

git-svn-id: https://svn.apache.org/repos/asf/tomcat/trunk@1767644 13f79535-47bb-0310-9956-ffa450edef68",b0715ef477d7e05c202eb27d93b8e146a61f2a34
VULAS-M,CVE-2016-8739,https://github.com/apache/cxf,d9e2a6e7,,,,apache,cxf,11/23/16 14:27,Letting CXF StaxUtils prepare XMLStreamReader for Atom reads,1cdab6490f3a83599326c3bae51ae76af3b5b8fe
VULAS-M,CVE-2016-8745,https://github.com/apache/tomcat,cbc9b18a845d3c8c053ac293dffda6c6c19dd92b,,,,apache,tomcat,11/29/16 8:34,"Fix https://bz.apache.org/bugzilla/show_bug.cgi?id=60409
When unable to complete sendfile request, ensure the Processor will be added to the cache only once. Patch by markt.

git-svn-id: https://svn.apache.org/repos/asf/tomcat/trunk@1771853 13f79535-47bb-0310-9956-ffa450edef68",167e1e4ec99d26d34abb21583c72c5586fd6d1fd
VULAS-M,CVE-2016-8747,https://github.com/apache/tomcat,452c8094a665ef6375530e81c033da4eeb2e4865,,,,apache,tomcat,12/14/16 10:09,"Fix intermittent test failure spotted during some refactoring.

git-svn-id: https://svn.apache.org/repos/asf/tomcat/trunk@1774161 13f79535-47bb-0310-9956-ffa450edef68",d61ebedc7e6d98bb9e60601afe4e5401266b72c9
VULAS-M,CVE-2016-8749,https://github.com/apache/camel,881e5099f94316d4a66ffbff0a3e6915829d49d,,,,apache,camel,12/15/16 10:51,CAMEL-10604 - Camel-JacksonXML: Add an option to allow the UnmarshallType header use,31cce6bc9a4964779f918f64f0719f531ef83b66
VULAS-M,CVE-2016-9878,https://github.com/spring-projects/spring-framework,e2d6e709c3c65a4951eb096843ee75d5200cfcad,,,,spring-projects,spring-framework,12/21/16 9:21,"Normalize resource URL in ResourceServlet

Issue: SPR-14946",bd7fee5a7745436ad40798739f89e9c3222b62cd
VULAS-M,CVE-2017-1000387,https://github.com/jenkinsci/build-publisher-plugin,e9c1b263400e42aaa3f9fcbbd0e8b1e85c76e3a0,,,,jenkinsci,build-publisher-plugin,8/15/17 10:18,"Do not deprecate the field, change its type instead",969d90b5aa9462e7a654e927e24b253c56d434b7
VULAS-M,CVE-2017-1000390,https://github.com/jenkinsci/tikal-multijob-plugin,3e6ab85019334a5b2a438264afdebe439cfc82b4,,,,jenkinsci,tikal-multijob-plugin,7/22/17 15:55,JENKINS-36333 - Attach permission to Job.Build,9d8bd650c5d8e1dd9447e88c0d7659a2e7f8e9f3
VULAS-M,CVE-2017-1000503,https://github.com/jenkinsci/jenkins,ccc374a7176d7704941fb494589790b7673efe2,,,,jenkinsci,jenkins,12/13/17 17:59,[SECURITY-667] Ensure all tasks have completed before we attain COMPLETED.,f67068170b55633571e5462e52b6124b23d7cb84
VULAS-M,CVE-2017-1000504,https://github.com/jenkinsci/jenkins,ccc374a7176d7704941fb494589790b7673efe2,,,,jenkinsci,jenkins,12/13/17 17:59,[SECURITY-667] Ensure all tasks have completed before we attain COMPLETED.,f67068170b55633571e5462e52b6124b23d7cb84
VULAS-M,CVE-2017-12196,https://github.com/undertow-io/undertow,8804170ce3186bdd83b486959399ec7ac0f59d0f,,,,undertow-io,undertow,12/10/17 23:51,UNDERTOW-1190 handle absolute URI in the digest mechanism,4ab466d6ce89c217443431ed0c10e66ae44e55c4
VULAS-M,CVE-2017-12610,https://github.com/apache/kafka,47c2753496875db2849065ad91ee03c7c842c8e,,,,apache,kafka,8/31/17 16:42,"MINOR: Test SASL authorization id

Author: Rajini Sivaram <rajinisivaram@googlemail.com>

Reviewers: Ismael Juma <ismael@juma.me.uk>

Closes #3766 from rajinisivaram/MINOR-sasl",9ebc303bb85bf5aae2b732c60d3b3e0a6e07512d
VULAS-M,CVE-2017-12611,https://github.com/apache/struts,637ad1c3707266c33daabb18d7754e795e6681f,,,,apache,struts,2/2/17 10:37,Narrows class resolver,1a8111e0ea8d5183b830ea73352a2e0b0cbe3d86
VULAS-M,CVE-2017-12612,https://github.com/apache/spark,0b25a7d93359e348e11b2e8698990a53436b3c5,,,,apache,spark,6/1/17 23:45,"[SPARK-20922][CORE][HOTFIX] Don't use Java 8 lambdas in older branches.

Author: Marcelo Vanzin <vanzin@cloudera.com>

Closes #18178 from vanzin/SPARK-20922-hotfix.",dade85f7fa73678eea676a7211ccc677330d2b65
VULAS-M,CVE-2017-12615,https://github.com/apache/tomcat,07dc0ea2745f0afab6415f22b16a29f1c6de5727,,,,apache,tomcat,8/10/17 21:09,"Correct regression in r1804604 that broke WebDAV.

git-svn-id: https://svn.apache.org/repos/asf/tomcat/tc7.0.x/trunk@1804729 13f79535-47bb-0310-9956-ffa450edef68",25c931efa347e00ab2fff8b5a2fd8c5c17941e1e
VULAS-M,CVE-2017-12617,https://github.com/apache/tomcat,a9dd96046d7acb0357c6b7b9e6cc70d186fae663,,,,apache,tomcat,9/25/17 23:20,"Add some additional checks required on Windows to keep all the checks in one place and to avoid exceptions later in the processing.
Includes utility class to determine if platform is Windows and performance test case for alternative implementations.

git-svn-id: https://svn.apache.org/repos/asf/tomcat/trunk@1809669 13f79535-47bb-0310-9956-ffa450edef68",a738d02b5b105902ca5bb6811b35ca76bbbcb01e
VULAS-M,CVE-2017-12624,https://github.com/apache/cxf,8bd915bfd7735c248ad660059c6b6ad26cdbcdf6,,,,apache,cxf,10/3/17 10:53,CXF-7507 - Put a configurable limit on the size of attachment headers,487b5f3f1ad43e4c2f9583b35f1967950dec0cd5
VULAS-M,CVE-2017-12626,https://github.com/apache/poi,a07ed9e86474da98f204efadfd5b9327009a0d21,,,,apache,poi,7/25/17 20:26,"61338 -- avoid infinite loop triggered by fuzzed wmf file

git-svn-id: https://svn.apache.org/repos/asf/poi/trunk@1802997 13f79535-47bb-0310-9956-ffa450edef68",a0b324224b9f756a6c2b9c61e0c66a7dd96f9ea7
VULAS-M,CVE-2017-12629,https://github.com/apache/lucene-solr,926cc4d65b6d2cc40ff07f76d50ddeda947e3cc,,,,apache,lucene-solr,10/13/17 11:46,"SOLR-11477: Disallow resolving of external entities in Lucene queryparser/xml/CoreParser and SolrCoreParser (defType=xmlparser or {!xmlparser ...}) by default.

(Michael Stepankin, Olga Barinova, Uwe Schindler, Christine Poerschke)",7b313bb597a6d1f78773dc9c00f484c078a46c25
VULAS-M,CVE-2017-12631,https://github.com/apache/cxf-fediz,e7127129dbc0f4ee83985052085e185e750cebbf,,,,apache,cxf-fediz,10/6/17 15:16,Some improvements to the Spring plugins,5937660dc2307fb1ea99f818decb73c05674b60f
VULAS-M,CVE-2017-12634,https://github.com/apache/camel,ad3c1ce9d8300c339cfa7d0f4a4dea691a94798,,,,apache,camel,10/26/17 19:55,[CAMEL-11929] Fix org.apache.camel.model.ModelSanityCheckerTest,69a88dcf353c28d3c313b51ac9694a748193075d
VULAS-M,CVE-2017-14949,https://github.com/restlet/restlet-framework-java,97a8d1d62612683817c785e99c4166bcde8cf1c,,,,restlet,restlet-framework-java,10/2/17 12:31,XEE injection security in XML extension. Reported by Man Yue Mo.,87d432633aac573b056fb188eb450a2833db1ad6
VULAS-M,CVE-2017-15695,https://github.com/apache/geode,954ccb545d24a9c9a35cbd84023a4d7e07032de0,,,,apache,geode,2/13/18 19:15,GEODE-3974: revert a change to log the exception in the server logs (#1444),15ae789b19fc8e58d27eabe6633bf1a117a8fd14
VULAS-M,CVE-2017-15709,https://github.com/apache/activemq,5fa0bbd5156f29d97dcf48fd9fdb6a0488a8df1a,,,,apache,activemq,11/29/17 17:43,"AMQ-6871 - By default only send generic platform details

The default behavior by the OpenWire client will be to send generic
platform details to the server with a new flag to send more specific
information.",9d98ee253fbe3e2134e7242abd572c6e64a6f6b2
VULAS-M,CVE-2017-15719,https://github.com/sebfz1/wicket-jquery-ui,936c12a2db262cf471c781f0d3c0d0ad61c35c7b,,,,sebfz1,wicket-jquery-ui,12/27/17 22:19," Kendo UI: Editor, added OWASP sanitizer

Kendo UI: **API BREAK** Editor model object is now String type (no more generic T)",96d55ac0cf25b8cb9b71a8b569dfe9593c9ad273
VULAS-M,CVE-2017-3156,https://github.com/apache/cxf,e66ce235,,,,apache,cxf,12/30/16 16:27,Doing a better bytes comparison in some of JAXRS OAuth2/Jose code,23cc548dbb504e4e96d85439b9586ad1d09a32ca
VULAS-M,CVE-2017-3159,https://github.com/apache/camel,6b979d07fd4be6ac913368f2abeae690d3325d37,,,,apache,camel,12/9/16 14:57,CAMEL-10575: snakeyaml: add an option to filter classes the yaml parser can construct,9e9a86bbdac88d5be74ab8340165f618e565b29c
VULAS-M,CVE-2017-3163,https://github.com/apache/lucene-solr,6f598d24692a89da9b5b671be6cf4b947aa39266,,,,apache,lucene-solr,1/29/17 18:42,SOLR-10031: Validation of filename params in ReplicationHandler,bb5bf3fbf733b2dcea1163cad7a70a6437ece93f
VULAS-M,CVE-2017-4960,https://github.com/cloudfoundry/uaa,5eab756eaf4bb397302f00fbd0273f2470009d38,,,,cloudfoundry,uaa,2/25/17 1:07,"set a global flag to disable clientlockoutpolicy

[#138677887] https://www.pivotaltracker.com/story/show/138677887

Signed-off-by: Mikhail Vyshegorodtsev <medvedzver@inbox.ru>",0e3013bda9c13c630f2dd469368b93cb1b73f006
VULAS-M,CVE-2017-4971,https://github.com/spring-projects/spring-webflow,ec3d54d2305e6b6bce12f770fec67fe63008d45,,,,spring-projects,spring-webflow,5/31/17 14:25,Use fixed parser for empty value binding expressions,ae193ac6f7ef548d5470c20e4ec85fc50f917e30
VULAS-M,CVE-2017-4973,https://github.com/cloudfoundry/uaa,5eb43757d5a3a2c9e7aae1ef3d0b9b7e2a38851e,,,,cloudfoundry,uaa,4/18/17 0:26,"Validate client ID for approvals

[#143844261] https://www.pivotaltracker.com/story/show/143844261",74a8e977282d7016c5c75420ac92f8793b8d387b
VULAS-M,CVE-2017-4974,https://github.com/cloudfoundry/uaa,74b9b270787aa602196d59d58893c3a6e09816f9,,,,cloudfoundry,uaa,4/19/17 19:54,better parsing of attributes,21dee620011210eda0202f7a15ec3ba04293758f
VULAS-M,CVE-2017-4991,https://github.com/cloudfoundry/uaa,7db5e5846961e08295b1ef7af909f267eebe5da,,,,cloudfoundry,uaa,5/12/17 19:33,Reset IZH,7db5e5846961e08295b1ef7af909f267eebe5da7
VULAS-M,CVE-2017-4992,https://github.com/cloudfoundry/uaa,4f942064d85454a4bcc4da04cd482d114816c14a,,,,cloudfoundry,uaa,5/17/17 20:52,"Improve invitations

[#145624295] https://www.pivotaltracker.com/story/show/145624295

Signed-off-by: Filip Hanik <fhanik@pivotal.io>",4292ea4ccd50c3cf9f497b25e3ccef685798e02c
VULAS-M,CVE-2017-4995,https://github.com/spring-projects/spring-security,5dee8534cd1b92952d10cc56335b5d5856f48f3b,,,,spring-projects,spring-security,5/31/17 17:19,"Update SecurityJackson2Modules

Fixes gh-4370",489ffcfce5a9670d14a66f1788327f5550ea1278
VULAS-M,CVE-2017-4995-JK,https://github.com/FasterXML/jackson-databind,60d459cedcf079c6106ae7da2ac562bc32dcabe1,,,,FasterXML,jackson-databind,4/13/17 23:03,"Fix #1599 for 2.8.9

Merge branch '2.7' into 2.8",28ec8a47d381311818f805ae76bf84da30f516f9
VULAS-M,CVE-2017-5638,https://github.com/apache/struts,6b8272ce47160036ed120a48345d9aa884477228,,,,apache,struts,3/6/17 10:17,Uses default error key if specified key doesn't exist,f487d7e7d69c767949a59f36ceb5a45d96eb32dd
VULAS-M,CVE-2017-5643,https://github.com/apache/camel,ec3d0db81ba061b27e934d5ff56e9baca0049eb,,,,apache,camel,2/27/17 6:17,CAMEL-10894: Improve test fix,c82284cfecfdb683b3dd19b7e26fbdf5c5480234
VULAS-M,CVE-2017-5647,https://github.com/apache/tomcat,864aa1199ad2cccc9a7e7c6b977f7d7f812c9910,,,,apache,tomcat,3/27/17 10:59,"Improve sendfile handling when requests are pipelined.

git-svn-id: https://svn.apache.org/repos/asf/tomcat/trunk@1788890 13f79535-47bb-0310-9956-ffa450edef68",9a3f0fb01d3e6a52e479d48c1d26f4d60441e599
VULAS-M,CVE-2017-5648,https://github.com/apache/tomcat,dfa40863421d7681fed893b4256666491887e38c,,,,apache,tomcat,3/6/17 22:14,"Ensure request and response facades are used when firing application listeners. 

git-svn-id: https://svn.apache.org/repos/asf/tomcat/trunk@1785774 13f79535-47bb-0310-9956-ffa450edef68",c2d925984aacef20e8c253db648bca30b6eb4b4f
VULAS-M,CVE-2017-5650,https://github.com/apache/tomcat,5496e193a89b8b8b3177e516358df2f07ab852b3,,,,apache,tomcat,3/24/17 14:43,"Close the streams as soon as we know the connection is closing

git-svn-id: https://svn.apache.org/repos/asf/tomcat/trunk@1788460 13f79535-47bb-0310-9956-ffa450edef68",4ba258bb563d2799d774e47ce91edee94a87e170
VULAS-M,CVE-2017-5651,https://github.com/apache/tomcat,9233d9d6a018be4415d4d7d6cb4fe01176adf1a8,,,,apache,tomcat,3/24/17 20:51,"Fix https://bz.apache.org/bugzilla/show_bug.cgi?id=60918
When sendfile processing passes to the Poller for completion and then completes before Http11Processor.service() exists, the Processor is recycled which clears sendfileData causing the Processor to return CLOSED or OPEN rather than SENDFILE.

git-svn-id: https://svn.apache.org/repos/asf/tomcat/trunk@1788544 13f79535-47bb-0310-9956-ffa450edef68",e0dcf76bcb25bf191609e19a3a05518bbedb34b5
VULAS-M,CVE-2017-5662,https://github.com/apache/batik,6ab669f073c23a443d78a7a08aea2fd4de10da8c,,,,apache,batik,5/11/16 8:45,"BATIK-1139: DTD resolution validation

git-svn-id: https://svn.apache.org/repos/asf/xmlgraphics/batik/trunk@1743326 13f79535-47bb-0310-9956-ffa450edef68",e2200fd50e424f6e132ec86ba65bb0b0805ca4d3
VULAS-M,CVE-2017-5664,https://github.com/apache/tomcat,7d93527254d9e9371b342800617f20d13c8b85ad,,,,apache,tomcat,5/2/17 13:30,"Ensure that when the Default or WebDAV servlets process an error dispatch that the error resource is processed via the doGet() method irrespective of the method used for the original request that triggered the error.

git-svn-id: https://svn.apache.org/repos/asf/tomcat/tc7.0.x/trunk@1793491 13f79535-47bb-0310-9956-ffa450edef68",d71140268e3a7b66d8dd89f12673a1da329df628
VULAS-M,CVE-2017-7525,https://github.com/FasterXML/jackson-databind,ddfddfba6414adbecaff99684ef66eebd3a92e92,,,,FasterXML,jackson-databind,8/17/17 22:12,Fix #1737,b64c7736015d28c20857cdb91584308c78edd8e8:6ce32ffd18facac6abdbbf559c817b47fcb622c1
VULAS-M,CVE-2017-7536,https://github.com/hibernate/hibernate-validator,0778a5c98b817771a645c6f4ba0b28dd8b5437b,,,,hibernate,hibernate-validator,10/19/17 13:38,HV-1498 Fix privilege escalation when running under the security manager,ce6f082d81eead6e3bde5349e42be71db8e94a16
VULAS-M,CVE-2017-7660,https://github.com/apache/lucene-solr,e912b7cb5c68fbb87b874d41068cf5a3aea17da0,,,,apache,lucene-solr,5/4/17 5:43,added extra check if it is a liveNode,3a7aedcef9a6c9f854508629759bcb9b766d2b08
VULAS-M,CVE-2017-7669,https://github.com/apache/hadoop,0319e74c2512d47d47ab9df834f5b6455be7d968,,,,apache,hadoop,5/18/17 4:59,"Validate docker image name before launching container.

(cherry picked from commit e120ee865aa78eaff4a80122c5f3207a97b4924d)

 Conflicts:
	hadoop-yarn-project/hadoop-yarn/hadoop-yarn-server/hadoop-yarn-server-nodemanager/src/main/java/org/apache/hadoop/yarn/server/nodemanager/containermanager/linux/runtime/DockerLinuxContainerRuntime.java",a0786d7b5afa1537fe9307b6d2118573de6a98e5
VULAS-M,CVE-2017-7674,https://github.com/apache/tomcat,b94478d45b7e1fc06134a785571f78772fa30fed,,,,apache,tomcat,5/22/17 14:55,"BZ61101: CORS filter should set Vary header in response. Submitted by Rick Riemer.

git-svn-id: https://svn.apache.org/repos/asf/tomcat/trunk@1795813 13f79535-47bb-0310-9956-ffa450edef68",5edb50d61386cb3aca1d403e147440e52ab87ebd
VULAS-M,CVE-2017-7675,https://github.com/apache/tomcat,cf181edc9a8c239cde704cffc3c503425bdcae2b,,,,apache,tomcat,5/24/17 19:35,"Fix https://bz.apache.org/bugzilla/show_bug.cgi?id=61120
Do not ignore path parameters when processing HTTP/2 requests.

git-svn-id: https://svn.apache.org/repos/asf/tomcat/trunk@1796090 13f79535-47bb-0310-9956-ffa450edef68",ffc9baa175cdb3d4831b6926bd970e33f845b601
VULAS-M,CVE-2017-7957,https://github.com/x-stream/xstream,b3570be2f39234e61f99f9a20640756ea71b1b4,,,,x-stream,xstream,4/3/17 12:40,Prevent deserialization of void.,228004b9ebe7a8b9b74a25500b1c9175cbac7760
VULAS-M,CVE-2017-8031,https://github.com/cloudfoundry/uaa,66166d17781aa257ff77a2fb7c69f72d0b611be,,,,cloudfoundry,uaa,10/23/17 19:04,"Merge branch 'feature/token_self_revocation' into prerelease/4.7.x

[#152093534] https://www.pivotaltracker.com/story/show/152093534
[#152164930] https://www.pivotaltracker.com/story/show/152164930",5832891cb9a4631bfeef5faaea947d0c2d6e498c
VULAS-M,CVE-2017-8032,https://github.com/cloudfoundry/uaa,2c10c43f04cf31e9f8f496cd218bfc773dfc149,,,,cloudfoundry,uaa,6/8/17 16:11,Clean up queries and add zone Id,d4c2cd190fff5b64cf0170cd68bcac28cf833c26
VULAS-M,CVE-2017-8038,https://github.com/cloudfoundry-incubator/credhub,632951898a2f1474f699094200367fb405397127,,,,cloudfoundry-incubator,credhub,7/28/17 0:28,"Consolidate credential access paths

We now use the CredentialHandler as the consistent access path for
credentials. Consequently, it must return Credentials instead of views.

[Finishes #149701173]",b3267689214fa3052005eb442c57ce03ceb74248
VULAS-M,CVE-2017-8039,https://github.com/spring-projects/spring-webflow,084b4,,,,spring-projects,spring-webflow,9/15/17 14:39,"Check default binding expressions

This commit introduces a check on default data binding expressions
and ignores those that don't look property paths of the model.

Issue: SWF-1711",ec300fc0dc39dbc78d6292a2a3a82f2f5197fc03
VULAS-M,CVE-2017-8045,https://github.com/spring-projects/spring-amqp,36e55998f6352ba3498be950ccab1d5f4d0ce655,,,,spring-projects,spring-amqp,9/6/17 15:14,"AMQP-766: Deserialization in Message.toString()

JIRA: https://jira.spring.io/browse/AMQP-766

Add white list for classes/packages that can be deserialized in Message.toString().

__cherry-pick to 1.7.x, 1.6.x, 1.5.x__

* Polishing - checkstyle and PR Comments",06bc198194c1cce731e20e88e778744db6d9a6f6
VULAS-M,CVE-2017-8046,https://github.com/spring-projects/spring-data-rest,8f269e28fe8038a6c60f31a1c36cfda04795ab45,,,,spring-projects,spring-data-rest,9/8/17 9:25,"DATAREST-1127 - Patch operations now always verify paths before operation application.

Previously the SpEL expresssion created from JSON Patch path expressions were executed without double checking whether these paths actually exist on the target object in the first place. This is now in place.",f49b54418d015cf6619ae0cd7cca936407eb47df
VULAS-M,CVE-2017-9735,https://github.com/eclipse/jetty.project,2baa1abe4b1c380a30deacca1ed367466a1a62ea,,,,eclipse,jetty.project,5/18/17 19:09,"Issue #1556 - A timing channel in Password.java.

Improved logic to avoid timing attacks:
now the password length cannot be inferred.",b1b94d870e0c8ac8d6fb9356ea4c455ddb56c20c
VULAS-M,CVE-2017-9787,https://github.com/apache/struts,0d6442bab5b44d93c4c2e63c5335f0a331333b9,,,,apache,struts,6/21/17 21:58,add constant to control proxy member access,4c386c663cf094a6d40d90c56c5983e14d518c26
VULAS-M,CVE-2017-9804,https://github.com/apache/struts,a05259ed69a5a48379aa91650e4cd1cb4bd6e5a,,,,apache,struts,8/7/17 5:55,WW-4834 fixes faulty regex,c9d20b573efbdd74e683c767663b2bd02cea5fd7:13828056b47a25e7ddee80a042a6a8d3b670ff32
VULAS-M,CVE-2017-9805,https://github.com/apache/struts,19494718865f2fb7da5ea363de3822f87fbda26,,,,apache,struts,8/21/17 11:17,Allows define allowed classes per action,ff6148795ac52e6de5b80c01e7a1a0cc4da61857
VULAS-M,CVE-2018-1000130,https://github.com/rhuss/jolokia,fd7b93da30c61a45bac10d8b311f1b79a74910f,,,,rhuss,jolokia,2/8/18 9:13,"chore(war-agent): Throw exception if proxy mode is used but not enabled explicitly.

This is to avoid confusion as it was switched on by default and if
a proxy request would simply be ignored, then the MBeans from the
proxy server would be silently returned without error.",e4800362e1059ef103387bd55c86b2cb8858a3ed
VULAS-M,CVE-2018-1000180,https://github.com/bcgit/bc-java,22467b6e8fe19717ecdf201c0cf91bacf04a55ad,,,,bcgit,bc-java,4/22/18 22:14,BJA-694 minor tweak to avoid method signature change,49883825258f8111cfa8fe980223e52996604fa5
VULAS-M,CVE-2018-1000613,https://github.com/bcgit/bc-java,cd98322b171b15b3f88c5ec871175147893c31e6,,,,bcgit,bc-java,3/3/18 4:54,added full filtering for BDS data.,0a702f116d8b670e03fa48afdf057f7c81b97f9f
VULAS-M,CVE-2018-1067,https://github.com/undertow-io/undertow,f404cb68448c188f4d51b085b7fe4ac32bde26e,,,,undertow-io,undertow,3/9/18 4:24,UNDERTOW-1302 Fix response splitting flaw if headers contain non-ascii characters,2c4037efe0782cd63885cc0ec981d7da5a2bcd57
VULAS-M,CVE-2018-11039,https://github.com/spring-projects/spring-framework,dac97f1b7dac3e70ff603fb6fc9f205b95dd6b01,,,,spring-projects,spring-framework,5/18/18 12:35,"Restrict HTTP methods on Reactive HiddenHttpMethodFilter

This commit restricts the allowed HTTP methods on HiddenHttpMethodFilter
(Reactive variant) to the following: PUT, DELETE, PATCH.

This filter is meant to be used to simulate those methods from HTML
forms sent by browsers, so no other methods are allowed.

Issue: SPR-16836
(Cherry-picked from a5cd01a4c8)",82f421bff80535457816bd5cc0c93134e8ed9ed2
VULAS-M,CVE-2018-11040,https://github.com/spring-projects/spring-framework,b80c13b722bb207ddf43f53a007ee3ddc1dd2e2,,,,spring-projects,spring-framework,6/8/18 10:31,"Deprecate JSONP and disable it by default in Jackson view

Issue: SPR-16798",7bfd68381610c145a780744b4507d4c5c0237610
VULAS-M,CVE-2018-11041,https://github.com/cloudfoundry/uaa,f6362a8f1865314aa507fc5de772848b7e552365,,,,cloudfoundry,uaa,6/12/18 23:03," Request cache only saves requests with form_redirect_uri if it's valid

- A valid/approved form_redirect_uri value has the same host as the
receiving UAA server.

[#158222161] https://www.pivotaltracker.com/story/show/158222161

Signed-off-by: Jaskanwal Pawar <jpawar@pivotal.io>",d370654972c25049ebb126894b23af80b5fc863c
VULAS-M,CVE-2018-11047,https://github.com/cloudfoundry/uaa,2906057dae995024576ce6afdc20abd85569514,,,,cloudfoundry,uaa,7/5/18 23:54,"Refactor UAA token service to use new validation methods

[#158846330] https://www.pivotaltracker.com/story/show/158846330

Signed-off-by: Bruce Ricard <bruce.ricard@gmail.com>",5d021e83ef143c64179d0da015aa76321ee40988
VULAS-M,CVE-2018-11087,https://github.com/spring-projects/spring-amqp,444b74e95bb299af5e23ebf006fbb45d574fb95,,,,spring-projects,spring-amqp,8/28/18 17:05,"AMQP-830 Enable Hostname Verification by default

JIRA: https://jira.spring.io/browse/AMQP-830",8c4c1a7e4cba114894046042bf045931fa04a161
VULAS-M,CVE-2018-1114,https://github.com/undertow-io/undertow,882d5884f2614944a0c2ae69bafd9d13bfc5b64,,,,undertow-io,undertow,4/24/18 0:51,"UNDERTOW-1338 File descriptor leak cause JarURLConnection.getLastModi (#638)

UNDERTOW-1337 File descriptor leak cause JarURLConnection.getLastModified()",41bfa1ad24bfc7d7c0c95cad49179c05ac996648
VULAS-M,CVE-2018-11307,https://github.com/FasterXML/jackson-databind,051bd5e447fbc9539e12a4fe90eb989dba0c656,,,,FasterXML,jackson-databind,5/11/18 1:26,Merge branch '2.7' into 2.8,29c3a1f374f6060c4ccadbdeedc394792c0722bf
VULAS-M,CVE-2018-11776,https://github.com/apache/struts,6e87474f9ad0549f07dd2c37d50a9ccd0977c6e,,,,apache,struts,6/21/18 7:19,"Validates action, namespace and method in the same way",1fec084542c3bfe9c6733a947b3798210f73f8e8
VULAS-M,CVE-2018-11777,https://github.com/apache/hive,1a1d6ca1bc3ae840238dc345fa1eb2c7c28c8cb,,,,apache,hive,10/23/18 23:30,"HIVE-20420: Provide a fallback authorizer when no other authorizer is in use (Daniel Dai, reviewed by Laszlo Pinter, Thejas Nair)

Signed-off-by: Thejas M Nair <thejas@hortonworks.com>",72349bb33988656ad43afdc0c7556532ee0dadbc
VULAS-M,CVE-2018-11787,https://github.com/apache/karaf,cfa213ad680ded70b70bf0c648891a06386ef63,,,,apache,karaf,3/14/17 14:25,[KARAF-4993] Remove alias property to fix security issue,ccd1ec69bf5574a5a0d3dfdb473f1121c4c2ae88
VULAS-M,CVE-2018-11788,https://github.com/apache/karaf,0c36c50bc158739c8fc8543122a6740c54adafc,,,,apache,karaf,9/11/18 19:41,[KARAF-5911] Restrict XML entities,b15ce91ec241a2347996ef6dde5937589e9d4555
VULAS-M,CVE-2018-11797,https://github.com/apache/pdfbox,4fa98533358c106522cd1bfe4cd9be2532af852,,,,apache,pdfbox,8/4/18 17:29,"PDFBOX-4283: treat invalid elements as 0

git-svn-id: https://svn.apache.org/repos/asf/pdfbox/trunk@1837439 13f79535-47bb-0310-9956-ffa450edef68",7172cee201aae222677c9f94fad004e872210097
VULAS-M,CVE-2018-1192,https://github.com/cloudfoundry/uaa,b599af2062aad5580661e035087fdd9bd266b92,,,,cloudfoundry,uaa,1/9/18 22:24,Merge branch 'releases/4.8.2',5373cecdd18a97d749a9a538216671f5f46a435a:9d3a4aeb13ef1db979294a80ccbfc4f794f104a0
VULAS-M,CVE-2018-1199,https://github.com/spring-projects/spring-security,0eef5b4b425ab42b9fa0fde1a3f36a37b92558f,,,,spring-projects,spring-security,10/5/17 20:56,Add StrictHttpFirewall,900ab1df814258b1d9d641ea2f925996addbb7d7
VULAS-M,CVE-2018-12022,https://github.com/FasterXML/jackson-databind,28badf7ef60ac3e7ef151cd8e8ec010b8479226,,,,FasterXML,jackson-databind,6/8/18 5:35,"Backport #2052, #2058 fixes for 2.7.9.4",27b4defc270454dea6842bd9279f17387eceb737
VULAS-M,CVE-2018-12023,https://github.com/FasterXML/jackson-databind,28badf7ef60ac3e7ef151cd8e8ec010b8479226,,,,FasterXML,jackson-databind,6/8/18 5:35,"Backport #2052, #2058 fixes for 2.7.9.4",27b4defc270454dea6842bd9279f17387eceb737
VULAS-M,CVE-2018-12536,https://github.com/eclipse/jetty.project,a51920d650d924cc2cea011995624b394437c6e,,,,eclipse,jetty.project,5/31/18 17:26,"Merge pull request #2561 from eclipse/jetty-9.4.x-issue-2560-pathresource-exceptions

Issue #2560 - Review of PathResource exception handling",519d36ae4098253c0008f7818a0c864cde252102
VULAS-M,CVE-2018-12540,https://github.com/vert-x3/vertx-web,98891b1d9e022b467a3e4674aca4d1889849b1d,,,,vert-x3,vertx-web,6/15/18 8:54,"Validate that X-XSRF-Token and X-XSRF-Token cookie are the same - fixes #970
(cherry picked from commit 482bc72)

(cherry picked from commit f42b193)",e7c4460ee4cc0a3b7135dc01499b1cc2fe269505
VULAS-M,CVE-2018-12544,https://github.com/vert-x3/vertx-web,d814d22ade14bafec47c4447a4ba9bff090f05e,,,,vert-x3,vertx-web,9/27/18 14:05,Create safe xml parsers,459734e60c94f334652a09aaa0ea9cebdd37fb89
VULAS-M,CVE-2018-1257,https://github.com/spring-projects/spring-framework,ff2228fdaf131d57b5c8c5918ee8d07c6dd9bba,,,,spring-projects,spring-framework,4/17/18 3:56,"Selector header name is exposed for configuration

Issue: SPR-16732",586be501095f6715909d3f3efb483c9d3c13a2cc
VULAS-M,CVE-2018-1258,https://github.com/spring-projects/spring-security,7b8fa90d96aaf751a3256fa755d5f17e081c20f,,,,spring-projects,spring-security,5/7/18 16:09,"Add accessDeniedHandler method to ExceptionHandlingSpec

This allows to configure accessDeniedHandler in ExceptionTranslationWebFilter through ServerHttpSecurity.

Issue: gh-5257",c30e218f1fb4ce5488a18ff9e582b5dbdf88ac26
VULAS-M,CVE-2018-1260,https://github.com/spring-projects/spring-security-oauth,adb1e6d19c681f394c9513799b81b527b0cb007,,,,spring-projects,spring-security-oauth,4/19/18 0:05,"Remove SpelView in WhitelabelApprovalEndpoint

Fixes gh-1340",70e5ba84ca98b7ab42c1900bdd9fa51b393d611f
VULAS-M,CVE-2018-1262,https://github.com/cloudfoundry/uaa,3633a832885ebf33b2e22cc1c0c8ce605e2c657,,,,cloudfoundry,uaa,5/8/18 16:48,"Fix identity zone docs to cater for new requirement when creating/updating a zone (now requires a signing key to be set)

[#157377568] https://www.pivotaltracker.com/story/show/157377568

Signed-off-by: Bruce Ricard <bruce.ricard@gmail.com>",e5245436710273cc42eac54e928694003a6b2bd7
VULAS-M,CVE-2018-1270,https://github.com/spring-projects/spring-framework,e0de9126ed8cf25cf141d3e66420da94e350708,,,,spring-projects,spring-framework,3/22/18 3:29,"Re-use EvaluationContext in DefaultSubscriptionRegistry

Rather than create a new EvaluationContext instance per evaluation, we
now create a statically shared instance, without the root object in it,
and re-use it for all evalutations.",41730220f4e5ef89024f3fbcf20b1f8362a56565
VULAS-M,CVE-2018-1271,https://github.com/spring-projects/spring-framework,695bf2961feffd35b5560ccc982a2189dcca611,,,,spring-projects,spring-framework,3/29/18 14:04,"Consistent trace logging in PathResourceResolver

Issue: SPR-16616",fdd756ce8a683927c058c4272cd0f2477fb29675
VULAS-M,CVE-2018-1272,https://github.com/spring-projects/spring-framework,ab2410c754b67902f002bfcc0c3895bd7772d39,,,,spring-projects,spring-framework,3/24/18 1:45,"MimeTypeUtils uses SecureRandom

The prevailing current wisdom is to use the default constructor for
secure and let it pick the best algorithm for the OS.

On Java 8 (Oracle), Linux this results in ""NativePRNG"" which uses
/dev/random (potentially blocking) for the initial seed, and
/dev/urandom (non-blocking) for subsequent calls to nextInt.

Issue: SPR-16635",f6ea7407e6cd2f4da52187dfb8503143633002c8
VULAS-M,CVE-2018-1273,https://github.com/spring-projects/spring-data-commons,ae1dd2741ce06d44a0966ecbd6f47beabde2b65,,,,spring-projects,spring-data-commons,3/27/18 14:21,DATACMNS-1282 - Switched to SimpleEvaluationContext in MapDataBinder.,b0dc8be7f04f32158ef5ca9a4a8aebe0fa40f423
VULAS-M,CVE-2018-1274,https://github.com/spring-projects/spring-data-commons,3d8576fe4e4e71c23b9e6796b32fd56e51182ee,,,,spring-projects,spring-data-commons,4/3/18 17:01,DATACMNS-1285 - PropertyPath now limits the depth of its parsing to 1000 segments.,7ddd0ecac533bfceb3db5b30719d7f96a9b51628
VULAS-M,CVE-2018-1275,https://github.com/spring-projects/spring-framework,1db7e02de3eb0c011ee6681f5a12eb9d166fea8,,,,spring-projects,spring-framework,3/12/18 18:11,"Modify SpEL code gen to take account of null safe refs

With this change the code generation for method and property
references is modified to include branching logic in the
case of null safe dereferencing (?.). This is complicated
by the possible usage of primitives on the left hand side
of the dereference. To cope with this case primitives are
promoted to boxed types when this situation occurs enabling
null to be passed as a possible result.

Issue: SPR-16489",41730220f4e5ef89024f3fbcf20b1f8362a56565
VULAS-M,CVE-2018-1282,https://github.com/apache/hive,0330c1c0b62f3c2e6a4744048578dea55193b62,,,,apache,hive,3/1/18 22:34,"HIVE-18788: Clean up inputs in JDBC PreparedStatement (Daniel Dai, reviewed by Thejas Nair)",b7b3f881f4840430378a27131278876a34368995
VULAS-M,CVE-2018-1298,https://github.com/apache/qpid-broker-j,4b9fb37abbe882193b16595ed7b8e9d8383f59e1,,,,apache,qpid-broker-j,1/17/18 11:29,"QPID-8046: [Broker-J] [PlainNegotiator] Eliminate redundant UTF-8/UnsupportedEncodingException catch block

Cherry picked from fcca9d2",66faf8edd1fa0bc4be657747e5e1bb07afa91aa7
VULAS-M,CVE-2018-1305,https://github.com/apache/tomcat,4d637bc3986e5d09b9363e2144b8ba74fa6eac3a,,,,apache,tomcat,2/15/18 16:05,"62104: Fix programmatic login regression as the NonLoginAuthenticator has to be set for it to work (if no login method is specified).

git-svn-id: https://svn.apache.org/repos/asf/tomcat/trunk@1824323 13f79535-47bb-0310-9956-ffa450edef68",723ea6a5bc5e7bc49e5ef84273c3b3c164a6a4fd
VULAS-M,CVE-2018-1308,https://github.com/apache/lucene-solr,02c693f3713add1b4891cbaa87127de3a55c10f,,,,apache,lucene-solr,2/18/18 21:41,SOLR-11971: Don't allow referal to external resources in DataImportHandler's dataConfig request parameter,b4f8cd7ea6bcbf3974228857ff9d92b545e2c33e
VULAS-M,CVE-2018-1313,https://github.com/apache/derby,4da5b2db5f3a60c1fa8ef616d88a7efe28b0c9d,,,,apache,derby,3/12/18 1:32,"Merge revision 1826467 from 10.14 to trunk. Original commit message:

Remove support for COMMAND_TESTCONNECTION connectToDatabase feature.
It was never documented, and was never part of the regression tests.

A new regression test demonstrates that attempting to use this feature
now results in a ""usage"" response from the Network Server.

Also, change the Network Server's default security policy file, as well
as the template security policy file that we distribute with the
release and in the documentation. The new policy files do not use
the <<ALL FILES>> permission; instead they restrict the permission
to certain directories only.

Also, change the implementation of the Network Server's ""sysinfo""
sub-command. Prior to this change, that feature would open each
jar file on the Network Server's class path, and would report on
whatever information it could find about that jar file. Now, the
only jar files that are opened and reported on are the known Derby
jar files; a table of those jar file names is compiled into the
sysinfo command. This causes sysinfo to return less information,
but it also means that it only needs the permission to access the
known Derby jar files on the classpath.


git-svn-id: https://svn.apache.org/repos/asf/db/derby/code/trunk@1826481 13f79535-47bb-0310-9956-ffa450edef68",74fdc0b4801ca97c9fa679870d3448250c4758f9
VULAS-M,CVE-2018-1321,https://github.com/apache/syncope,717289bc10b6f3b204cb6d14881f530174c6235,,,,apache,syncope,3/7/18 10:55,Ensuring secure XSLT processing everywhere,1edec313dde8e81da0e30dd639f7144f94a9d4ab
VULAS-M,CVE-2018-1322,https://github.com/apache/syncope,7b168c142b09c3b03e39f1449211e7ddf026a14,,,,apache,syncope,3/7/18 11:21,Review fields usable for search and orderBy,717289bc10b6f3b204cb6d14881f530174c62359
VULAS-M,CVE-2018-1325,https://github.com/sebfz1/wicket-jquery-ui,4ade74d87389935dee5ba49b8cdd0abb075cc50,,,,sebfz1,wicket-jquery-ui,3/11/18 12:45,"Plugins: WysiwygEditor, replaced textarea by hidden input",0e3fda077f990d809480ad4f78c0de3759db02a2
VULAS-M,CVE-2018-1331,https://github.com/apache/storm,8ffa920d3894634aa078f0fdf6b02d270262caf,,,,apache,storm,4/13/18 21:31,STORM-3026: Upgrade ZK instance for security,c5988e83df3f20722733d2b201907a300277bc5f
VULAS-M,CVE-2018-1335,https://github.com/apache/tika,d1bc09386405d28d6b0f0a29ce8c3e7efd72d6c7,,,,apache,tika,4/17/18 0:13,"fix potential resource leak, continued",5b12e7f866f66e737d3b609b3f598fa792a564c8
VULAS-M,CVE-2018-1337,https://github.com/apache/directory-ldap-api,075b70a733d7af150b3d85684149ff5f029f7fd,,,,apache,directory-ldap-api,6/2/18 7:42,Fixed some race condition in LdapConnection when using SSL,a4f3efe84fc3dff27d1cba64a7a5d580270b5a55
VULAS-M,CVE-2018-15756,https://github.com/spring-projects/spring-framework,423aa28ed584b4ff6e5bad218c09beef5e91951,,,,spring-projects,spring-framework,10/3/18 18:13,"HttpRange validates requested ranges

Issue: SPR-17318",50949415d71dea9ff07d4f5d2ad85732e46918a0
VULAS-M,CVE-2018-15758,https://github.com/spring-projects/spring-security-oauth,4082ec7ae3d39198a47b5c803ccb20dacefb0b0,,,,spring-projects,spring-security-oauth,10/5/18 18:41,"Validate authorization request on approval

Fixes gh-1481",98e6027861622cb6dd7020f2e7a9433ad9479c54
VULAS-M,CVE-2018-15761,https://github.com/cloudfoundry/uaa,95b7d9e7fae534a362b98de1df5bf501cd52c481,,,,cloudfoundry,uaa,10/24/18 23:42,"Validate authz parameters against original authz request

Signed-off-by: Jaskanwal Pawar <jpawar@pivotal.io>
Co-authored-by: Jaskanwal Pawar <jpawar@pivotal.io>",46c122d45c9d62261b8e29dcf315740d39b752b9
VULAS-M,CVE-2018-17184,https://github.com/apache/syncope,36fb466afd64894170fa5e2e030ce6895120b1a,,,,apache,syncope,10/19/18 11:26,Fixing some missing JPA entities' validation,30286d96515deb9a03c551d37129f9584ac31793
VULAS-M,CVE-2018-17186,https://github.com/apache/syncope,bdb6a180dcae6f1baaff16619cb906b7292da0d,,,,apache,syncope,10/25/18 10:57,Ensuring all XML input processing is safe - disable DTD and external entities,6d285b20104369f1afcb85f162386b1eae827038
VULAS-M,CVE-2018-17297,https://github.com/looly/hutool,9f8a801c7b98b75ee681c0988e1a58bcfdc21756,,,,looly,hutool,9/13/18 15:18,fix path problem,fd77bb8718648f69a587046b735488a80123cc26
VULAS-M,CVE-2018-6356,https://github.com/jenkinsci/jenkins,9de62915807deab61d6e780eed660428f9889b51,,,,jenkinsci,jenkins,2/9/18 16:25,[SECURITY-705] Additional precautions.,2d16b459205730d85e51499c2457109b234ca9d9
VULAS-M,CVE-2018-7489,https://github.com/FasterXML/jackson-databind,6799f8f10cc78e9af6d443ed6982d00a13f2e7d2,,,,FasterXML,jackson-databind,2/11/18 3:22,Fix #1931,b64c7736015d28c20857cdb91584308c78edd8e8:6ce32ffd18facac6abdbbf559c817b47fcb622c1
VULAS-M,CVE-2018-8008,https://github.com/apache/storm,1117a37b01a1058897a34e11ff5156e465efb69,,,,apache,storm,4/30/18 15:13,STORM-3052: Allow for untar/unzip to work on older versions,1bd53a58e198efd2e43cc3bd5edfc6514816ebef
VULAS-M,CVE-2018-8009,https://github.com/apache/hadoop,745f203e577bacb35b042206db94615141fa5e6,,,,apache,hadoop,5/23/18 8:15,Additional check when unpacking archives. Contributed by Jason Lowe and Akira Ajisaka.,1d2640b6132e8308c07476badd2d1482be68a298
VULAS-M,CVE-2018-8010,https://github.com/apache/lucene-solr,1b760114216fcdfae138a8b37f183a9293c4911,,,,apache,lucene-solr,5/6/18 12:21,SOLR-12316: Do not allow to use absolute URIs for including other files in solrconfig.xml and schema parsing,89fc02a3b04aedf2803a46782b3a8b8e9b5c9a7b
VULAS-M,CVE-2018-8017,https://github.com/apache/tika,8a6a9e1344f5b10ebfa1a189dc3c30d0da2b9d4,,,,apache,tika,5/25/18 14:40,fix logic in iptc parser,bd554ebae29ba2685363c005c3c3282b3d0c1efe
VULAS-M,CVE-2018-8018,https://github.com/apache/ignite,bc374f85ca4a5e69572902d2167fe6bedebd40a,,,,apache,ignite,6/7/18 12:53,IGNITE-8565 Client marshalling improvements,b4b965bbd9caddee8f28c64689957f32d181eadf
VULAS-M,CVE-2018-8025,https://github.com/apache/hbase,0c42acbdf86d08af3003105a26a2201f75f2e2c,,,,apache,hbase,5/31/18 17:02,"HBASE-20664 Reduce the broad scope of outToken in ThriftHttpServlet

Signed-off-by: Andrew Purtell <apurtell@apache.org>",da3ecf1f13e373e64cb55b85d836c8cc509ee915
VULAS-M,CVE-2018-8026,https://github.com/apache/lucene-solr,e21d4937e0637c7b7949ac463f331da9a42c07f,,,,apache,lucene-solr,6/10/18 9:47,SOLR-12450: Don't allow referal to external resources in various config files,2519025fdafe55494448854c87e094b14f434b41
VULAS-M,CVE-2018-8027,https://github.com/apache/camel,8467d644813a62f3a836c0c7dee8cf5a41de3c0,,,,apache,camel,4/16/18 8:55,CAMEL-12444: Improved DTD handling in validator component.,927244de63583cd2eae451d6c14ce441b8de714c
VULAS-M,CVE-2018-8039,https://github.com/apache/cxf,fae6fabf9bd7647f5e9cb68897a7d72b545b741,,,,apache,cxf,5/23/18 15:47,Fix hostname verification using the deprecated SSL stack,eaa7a4cb635b4815ff6fb823a2487803817a4829
VULAS-M,CVE-2018-8041,https://github.com/apache/camel,4580e4d6c65cfd544c1791c824b5819477c583c,,,,apache,camel,7/9/18 8:23,"CAMEL-12630: better attachment handling in came...

...l-mail component",845847383df824d0ac06777c99321bfc55076ef8
VULAS-M,HADOOP-12751,https://github.com/apache/hadoop,829a2e4d271f05afb209ddc834cd4a0e85492ed,,,,apache,hadoop,5/6/16 18:35,HADOOP-12751. While using kerberos Hadoop incorrectly assumes names with '@' to be non-simple. (Bolke de Bruin via stevel).,f0252ad2525c90b2b89ae2ff1de12482da2c8ddd
VULAS-M,HADOOP-13105,https://github.com/apache/hadoop,d82bc8501869be78780fc09752dbf7af918c14a,,,,apache,hadoop,6/3/16 23:38,HADOOP-13105. Support timeouts in LDAP queries in LdapGroupsMapping. Contributed by Mingliang Liu.,78b3a038319cb351632250279f171b756c7f24b0
VULAS-M,HADOOP-14246,https://github.com/apache/hadoop,4dd6206547de8f694532579e37ba8103bafaeb1,,,,apache,hadoop,4/12/17 18:17,"HADOOP-14246. Authentication Tokens should use SecureRandom instead of Random and 256 bit secrets
(Conttributed by Robert Konter via Daniel Templeton)",b8305e6d06cbb9d44c728da14506d5cf825c12e5
VULAS-M,HADOOP-15212,https://github.com/apache/hadoop,2dd960de983a30bf0d9ee957bdb09f825f9d40a,,,,apache,hadoop,2/6/18 21:33,HADOOP-15212. Add independent secret manager method for logging expired tokens. Contributed by Daryn Sharp.,bff858e910f69991e6c75151d9b89c3e78210f16
VULAS-M,HDFS-10276,https://github.com/apache/hadoop,5ea6fd85c7aff6df28b87789f607bb57ee92063,,,,apache,hadoop,5/27/16 17:02,HDFS-10276. HDFS should not expose path info that user has no permission to see. (Yuanbo Liu via Yongjun Zhang),e4022debf717083ab9192164af9978500035d1be
VULAS-M,NIFI-4436,https://github.com/apache/nifi,b6117743d4c1c1a37a16ba746b9edbbdd276d69f,,,,apache,nifi,1/4/18 21:09,"NIFI-4436: Ensure that on save, we assign a Versioned Component Identifier to inner process groups that are tracking to remote flows, if they don't have one. This would occur, for instance, if a Process Group was imported into an existing group (or copied/moved into it) and then the existing group was saved.

NIFI-4436: Fixed a bug that caused a flow not to successfully change version if a connection is added to an existing component and that component is running at time of version change

NIFI-4436: Fixed bug with ordering of controller services being enabled and disabled

NIFI-4436: Fixed bug that prevented local input and output ports from being stopped and started as needed

NIFI-4436: Fixed bugs around referencing controller services that are at a higher level than the versioned flow

NIFI-4436: Ensure that we clear components from FlowController's cache when removed and that they are added to cache when created.

NIFI-4436: Fixed error message coming back if component is invalid when trying to be restarted/re-enabled

NIFI-4436: Addressed issue with children of a removed process group not being considered 'affected components' and as a result not being stopped/disabled/restarted/re-enabled

This closes #2219.

Signed-off-by: Matt Gilman <matt.c.gilman@gmail.com>",c5b0931e558f7043b29ae1d2edc38dbd5607d289
VULAS-M,PDFBOX-3341,https://github.com/apache/pdfbox,f0c0fb1af3c0419bdea2fe3d0ab1fe36a6d9dc2c,,,,apache,pdfbox,5/5/16 21:43,"PDFBOX-3341: set access permissions to read only when not owner

git-svn-id: https://svn.apache.org/repos/asf/pdfbox/trunk@1742475 13f79535-47bb-0310-9956-ffa450edef68",9a6d763c5feba6d25ddb2d1510543832c20ff5c1
VULAS-M,PRIMEFACES-1194,https://github.com/primefaces/primefaces,afcec249b82cad60978e8ecb3926822d3f51b25a,,,,primefaces,primefaces,11/7/17 21:15,Fix #1194: XSS in DialogFramework.,492d3dfe4346ea8132fda8fa4e12a9eb43d7124c
VULAS-M,PT-2013-65,https://github.com/eclipse/jetty.project,0fac295cd82b59085d4aae5ca6792b2cda752455,,,,eclipse,jetty.project,9/27/13 5:50,"418014 Handle NTFS canonical exceptions during alias check

replaced URL returns with URI",948d97c60c112fb0bf59f1314c9c06c4eee80aaf
