owner,project
AFNetworking,AFNetworking
antlr,antlr4
apache,cassandra
apache,flink
bmizerany,sinatra
BradLarson,GPUImage
cakephp,cakephp
chineking,cola
seven1m,onebody
ci-bonfire,Bonfire
cloudius-systems,osv
cocos2d,cocos2d-objc
Codeception,Codeception
Codiad,Codiad
composer,composer
curl,curl
deeplearning4j,deeplearning4j
dlitz,pycrypto
DrMark,ultrasphinx
edx,edx-platform
facebook,fresco
facebook,buck
facebook,FBSimulatorControl
FFmpeg,FFmpeg
forkcms,forkcms
frappe,erpnext
freedomofpress,securedrop
FreeRDP,FreeRDP
fruux,Baikal
gitbucket,gitbucket
google,google-authenticator
grails,grails-core
graphframes,graphframes
Graylog2,graylog2-server
h2o,h2o
haberman,gazelle
HandBrake,HandBrake
jersey,jersey
jnicklas,merb-core
jokkedk,webgrind
joomla,joomla-cms
josh,rails
jspahrsummers,libextobjc
juozasg,catabuzz
kanboard,kanboard
laravel,framework
libretro,RetroArch
lxc,lxc
lxml,lxml
magicalpanda,MagicalRecord
mantisbt,mantisbt
mattpass,ICEcoder
micahflee,onionshare
MISP,MISP
mojombo,god
mongodb,mongo-php-driver-legacy
moodle,moodle
mozilla,kuma
MPOS,php-mpos
mpv-player,mpv
naver,pinpoint
neo4j,neo4j
Netflix,SimianArmy
nextcloud,server
nginx,nginx-releases
nicolaslopezj,searchable
nodejs,http-parser
openssl,openssl
openstack,nova
osTicket,osTicket
owncloud,core
P0cL4bs,WiFi-Pumpkin
pfdemuizon,phoneinreport
pfsense,pfsense
php,php-src
PHP-DI,PHP-DI
phpmyadmin,phpmyadmin
postgres,postgres
PrestaShop,PrestaShop
Pylons,pyramid
raspberrypi,linux
realm,realm-cocoa
reverse-shell,routersploit
rs,SDWebImage
rubinius,rubinius
scala,scala-dist
scalikejdbc,scalikejdbc
schematics,schematics
slimphp,Slim
splitbrain,dokuwiki
spring-projects,spring-security-oauth
spring-projects,spring-framework
stevedekorte,io
technoweenie,restful-authentication
timburks,nu
toretore,barby
tornadoweb,tornado
torvalds,linux
travis,cosmo
twitter,finagle
unbit,uwsgi
vanilla,vanilla
WordPress,WordPress
yigit,android-priority-jobqueue
zxing,zxing
